--
-- PostgreSQL database dump
--

-- Dumped from database version 11.5
-- Dumped by pg_dump version 11.5

-- Started on 2019-09-19 09:12:35

SET statement_timeout = 0;
SET lock_timeout = 0;
SET idle_in_transaction_session_timeout = 0;
SET client_encoding = 'UTF8';
SET standard_conforming_strings = on;
SELECT pg_catalog.set_config('search_path', '', false);
SET check_function_bodies = false;
SET xmloption = content;
SET client_min_messages = warning;
SET row_security = off;

SET default_tablespace = '';

SET default_with_oids = false;

--
-- TOC entry 197 (class 1259 OID 17221)
-- Name: announcement; Type: TABLE; Schema: public; Owner: postgres
--

CREATE TABLE public.announcement (
    announcement_id integer NOT NULL,
    annouce_name character varying(100) NOT NULL,
    annouce_place character varying(100) NOT NULL,
    annouce_date character varying(100) NOT NULL,
    details character varying(100) NOT NULL
);


ALTER TABLE public.announcement OWNER TO postgres;

--
-- TOC entry 198 (class 1259 OID 17224)
-- Name: category; Type: TABLE; Schema: public; Owner: postgres
--

CREATE TABLE public.category (
    cat_id integer NOT NULL,
    cat_name character varying(50) NOT NULL
);


ALTER TABLE public.category OWNER TO postgres;

--
-- TOC entry 199 (class 1259 OID 17227)
-- Name: combo; Type: TABLE; Schema: public; Owner: postgres
--

CREATE TABLE public.combo (
    combo_id integer NOT NULL,
    combo_name character varying(100) NOT NULL,
    combo_price numeric(10,2) NOT NULL
);


ALTER TABLE public.combo OWNER TO postgres;

--
-- TOC entry 200 (class 1259 OID 17230)
-- Name: combo_details; Type: TABLE; Schema: public; Owner: postgres
--

CREATE TABLE public.combo_details (
    combo_details_id integer NOT NULL,
    combo_id integer NOT NULL,
    menu_id integer NOT NULL
);


ALTER TABLE public.combo_details OWNER TO postgres;

--
-- TOC entry 201 (class 1259 OID 17233)
-- Name: event; Type: TABLE; Schema: public; Owner: postgres
--

CREATE TABLE public.event (
    event_id integer NOT NULL,
    event_what character varying(500) NOT NULL,
    event_date date NOT NULL,
    event_time time(0) without time zone NOT NULL,
    event_where character varying(100) NOT NULL
);


ALTER TABLE public.event OWNER TO postgres;

--
-- TOC entry 202 (class 1259 OID 17239)
-- Name: member; Type: TABLE; Schema: public; Owner: postgres
--

CREATE TABLE public.member (
    member_id integer NOT NULL,
    member_first character varying(15) NOT NULL,
    member_status character varying(10) NOT NULL,
    member_contact character varying(30) NOT NULL,
    member_address character varying(100) NOT NULL
);


ALTER TABLE public.member OWNER TO postgres;

--
-- TOC entry 219 (class 1259 OID 17565)
-- Name: member_member_id_seq; Type: SEQUENCE; Schema: public; Owner: postgres
--

ALTER TABLE public.member ALTER COLUMN member_id ADD GENERATED BY DEFAULT AS IDENTITY (
    SEQUENCE NAME public.member_member_id_seq
    START WITH 1
    INCREMENT BY 1
    NO MINVALUE
    NO MAXVALUE
    CACHE 1
);


--
-- TOC entry 203 (class 1259 OID 17242)
-- Name: menu; Type: TABLE; Schema: public; Owner: postgres
--

CREATE TABLE public.menu (
    menu_id integer NOT NULL,
    menu_name character varying(50) NOT NULL,
    cat_id integer NOT NULL,
    subcat_name character varying(30) NOT NULL,
    menu_desc character varying(100) NOT NULL,
    menu_price numeric(10,2) NOT NULL,
    menu_pic character varying(100) NOT NULL
);


ALTER TABLE public.menu OWNER TO postgres;

--
-- TOC entry 204 (class 1259 OID 17245)
-- Name: message; Type: TABLE; Schema: public; Owner: postgres
--

CREATE TABLE public.message (
    message_id integer NOT NULL,
    fullname character varying(100) NOT NULL,
    email character varying(100) NOT NULL,
    subject character varying(30) NOT NULL,
    message character varying(1000) NOT NULL,
    date timestamp(0) without time zone DEFAULT CURRENT_TIMESTAMP NOT NULL
);


ALTER TABLE public.message OWNER TO postgres;

--
-- TOC entry 205 (class 1259 OID 17252)
-- Name: payment; Type: TABLE; Schema: public; Owner: postgres
--

CREATE TABLE public.payment (
    payment_id integer NOT NULL,
    amount integer,
    rid integer,
    payment_date date
);


ALTER TABLE public.payment OWNER TO postgres;

--
-- TOC entry 215 (class 1259 OID 17355)
-- Name: payment_payment_id_seq; Type: SEQUENCE; Schema: public; Owner: postgres
--

ALTER TABLE public.payment ALTER COLUMN payment_id ADD GENERATED BY DEFAULT AS IDENTITY (
    SEQUENCE NAME public.payment_payment_id_seq
    START WITH 1
    INCREMENT BY 1
    NO MINVALUE
    NO MAXVALUE
    CACHE 1
);


--
-- TOC entry 217 (class 1259 OID 17454)
-- Name: profile; Type: TABLE; Schema: public; Owner: postgres
--

CREATE TABLE public.profile (
    first_name character varying,
    last_name character varying,
    bday character varying,
    gender character varying,
    marital_status character varying,
    address character varying,
    email character varying,
    phone character varying,
    phone_ext character varying,
    dept character varying,
    "position" character varying,
    education character varying,
    education1 character varying(255),
    education2 character varying(255),
    experience character varying(255),
    experience1 character varying(255),
    experience2 character varying(255),
    image text
);


ALTER TABLE public.profile OWNER TO postgres;

--
-- TOC entry 207 (class 1259 OID 17263)
-- Name: r_combo; Type: TABLE; Schema: public; Owner: postgres
--

CREATE TABLE public.r_combo (
    r_combo_id integer NOT NULL,
    menu_id integer NOT NULL,
    r_details_id integer NOT NULL
);


ALTER TABLE public.r_combo OWNER TO postgres;

--
-- TOC entry 208 (class 1259 OID 17266)
-- Name: r_details; Type: TABLE; Schema: public; Owner: postgres
--

CREATE TABLE public.r_details (
    r_details_id integer NOT NULL,
    rid integer NOT NULL,
    combo_id integer NOT NULL,
    r_nop integer NOT NULL,
    r_total numeric(10,2) NOT NULL,
    r_price numeric(10,2) NOT NULL
);


ALTER TABLE public.r_details OWNER TO postgres;

--
-- TOC entry 209 (class 1259 OID 17269)
-- Name: r_noncombo; Type: TABLE; Schema: public; Owner: postgres
--

CREATE TABLE public.r_noncombo (
    r_non_id integer NOT NULL,
    rid integer NOT NULL,
    menu_id integer NOT NULL,
    serve integer NOT NULL
);


ALTER TABLE public.r_noncombo OWNER TO postgres;

--
-- TOC entry 206 (class 1259 OID 17255)
-- Name: reservation; Type: TABLE; Schema: public; Owner: postgres
--

CREATE TABLE public.reservation (
    rid integer NOT NULL,
    r_date date,
    r_time time(6) with time zone,
    r_staff character varying(100),
    r_first character varying(100),
    r_contact character varying(30),
    r_email character varying(50),
    r_address character varying(100),
    r_type character varying(30),
    r_ocassion character varying(50),
    r_motif character varying(30),
    team_id integer,
    r_venue character varying(100),
    payable numeric(100,2),
    balance numeric(100,2),
    r_status character varying(100),
    date_reserved date,
    r_code character varying(100),
    pax integer,
    combo_id integer,
    price numeric(100,2),
    modeofpayment character varying(50),
    r_position character varying(30),
    division character varying(30),
    tel_ext integer,
    pc_ip character varying(30),
    pc_assign character varying(30),
    department character varying(30),
    signature text
);


ALTER TABLE public.reservation OWNER TO postgres;

--
-- TOC entry 214 (class 1259 OID 17353)
-- Name: reservation_rid_seq; Type: SEQUENCE; Schema: public; Owner: postgres
--

ALTER TABLE public.reservation ALTER COLUMN rid ADD GENERATED BY DEFAULT AS IDENTITY (
    SEQUENCE NAME public.reservation_rid_seq
    START WITH 1
    INCREMENT BY 1
    NO MINVALUE
    NO MAXVALUE
    CACHE 1
);


--
-- TOC entry 210 (class 1259 OID 17272)
-- Name: subcategory; Type: TABLE; Schema: public; Owner: postgres
--

CREATE TABLE public.subcategory (
    subcat_id integer NOT NULL,
    subcat_name character varying(30) NOT NULL
);


ALTER TABLE public.subcategory OWNER TO postgres;

--
-- TOC entry 196 (class 1259 OID 16877)
-- Name: tbl_employee; Type: TABLE; Schema: public; Owner: postgres
--

CREATE TABLE public.tbl_employee (
    first_name character varying(50),
    last_name character varying(50),
    email character varying(50),
    emp_staff_no numeric(10,0),
    password character varying(50),
    trn_date date,
    user_id integer NOT NULL
);


ALTER TABLE public.tbl_employee OWNER TO postgres;

--
-- TOC entry 216 (class 1259 OID 17389)
-- Name: tbl_employee_user_id_seq; Type: SEQUENCE; Schema: public; Owner: postgres
--

CREATE SEQUENCE public.tbl_employee_user_id_seq
    AS integer
    START WITH 1
    INCREMENT BY 1
    NO MINVALUE
    NO MAXVALUE
    CACHE 1;


ALTER TABLE public.tbl_employee_user_id_seq OWNER TO postgres;

--
-- TOC entry 2955 (class 0 OID 0)
-- Dependencies: 216
-- Name: tbl_employee_user_id_seq; Type: SEQUENCE OWNED BY; Schema: public; Owner: postgres
--

ALTER SEQUENCE public.tbl_employee_user_id_seq OWNED BY public.tbl_employee.user_id;


--
-- TOC entry 211 (class 1259 OID 17275)
-- Name: team; Type: TABLE; Schema: public; Owner: postgres
--

CREATE TABLE public.team (
    team_id integer NOT NULL,
    team_name character varying(50) NOT NULL
);


ALTER TABLE public.team OWNER TO postgres;

--
-- TOC entry 212 (class 1259 OID 17278)
-- Name: team_member; Type: TABLE; Schema: public; Owner: postgres
--

CREATE TABLE public.team_member (
    team_member_id integer NOT NULL,
    team_id integer NOT NULL,
    member_id integer NOT NULL
);


ALTER TABLE public.team_member OWNER TO postgres;

--
-- TOC entry 218 (class 1259 OID 17563)
-- Name: team_member_team_member_id_seq; Type: SEQUENCE; Schema: public; Owner: postgres
--

ALTER TABLE public.team_member ALTER COLUMN team_member_id ADD GENERATED ALWAYS AS IDENTITY (
    SEQUENCE NAME public.team_member_team_member_id_seq
    START WITH 1
    INCREMENT BY 1
    NO MINVALUE
    NO MAXVALUE
    CACHE 1
);


--
-- TOC entry 213 (class 1259 OID 17281)
-- Name: users; Type: TABLE; Schema: public; Owner: postgres
--

CREATE TABLE public.users (
    user_id integer NOT NULL,
    full_name character varying(50) NOT NULL,
    username character varying(15) NOT NULL,
    password character varying(15) NOT NULL,
    status character varying(10) NOT NULL
);


ALTER TABLE public.users OWNER TO postgres;

--
-- TOC entry 2769 (class 2604 OID 17411)
-- Name: tbl_employee user_id; Type: DEFAULT; Schema: public; Owner: postgres
--

ALTER TABLE ONLY public.tbl_employee ALTER COLUMN user_id SET DEFAULT nextval('public.tbl_employee_user_id_seq'::regclass);


--
-- TOC entry 2927 (class 0 OID 17221)
-- Dependencies: 197
-- Data for Name: announcement; Type: TABLE DATA; Schema: public; Owner: postgres
--

COPY public.announcement (announcement_id, annouce_name, annouce_place, annouce_date, details) FROM stdin;
\.


--
-- TOC entry 2928 (class 0 OID 17224)
-- Dependencies: 198
-- Data for Name: category; Type: TABLE DATA; Schema: public; Owner: postgres
--

COPY public.category (cat_id, cat_name) FROM stdin;
6	Main Course
7	Pasta
9	Dessert
10	Rice
\.


--
-- TOC entry 2929 (class 0 OID 17227)
-- Dependencies: 199
-- Data for Name: combo; Type: TABLE DATA; Schema: public; Owner: postgres
--

COPY public.combo (combo_id, combo_name, combo_price) FROM stdin;
1	Package 1	150.00
2	Package 2	250.00
3	Package 3	50.00
\.


--
-- TOC entry 2930 (class 0 OID 17230)
-- Dependencies: 200
-- Data for Name: combo_details; Type: TABLE DATA; Schema: public; Owner: postgres
--

COPY public.combo_details (combo_details_id, combo_id, menu_id) FROM stdin;
1	1	2
2	1	3
3	2	1
4	2	3
5	3	2
6	3	4
\.


--
-- TOC entry 2931 (class 0 OID 17233)
-- Dependencies: 201
-- Data for Name: event; Type: TABLE DATA; Schema: public; Owner: postgres
--

COPY public.event (event_id, event_what, event_date, event_time, event_where) FROM stdin;
1	Company Christmas Party	2017-12-15	10:39:00	Gym
\.


--
-- TOC entry 2932 (class 0 OID 17239)
-- Dependencies: 202
-- Data for Name: member; Type: TABLE DATA; Schema: public; Owner: postgres
--

COPY public.member (member_id, member_first, member_status, member_contact, member_address) FROM stdin;
1	Pavithra	active	0123456789	Executive
2	Chiang	active	014589625	HOD
3	EJ	active	0182659875	Manager
7	Syamirul	active	0134620224	Intern
8	Diba	active	0134620224	Intern
9	Elin	active	01293818	Intern
10	MUHAMAD AMIRUL	active	0134620224	Intern
\.


--
-- TOC entry 2933 (class 0 OID 17242)
-- Dependencies: 203
-- Data for Name: menu; Type: TABLE DATA; Schema: public; Owner: postgres
--

COPY public.menu (menu_id, menu_name, cat_id, subcat_name, menu_desc, menu_price, menu_pic) FROM stdin;
1	Beef Simo	6	Lunch and Dinner	Beef Salpicao	100.00	indian-food-platter.jpg
2	Bakareta	2	pork	Pork Adobo	100.00	indian-food-platter.jpg
3	Chicken Curry	6	Lunch and Dinner	Chicken Curry	50.00	501247.jpg
4	Buko Pandan	9	Mirienda	Buko Pandan	45.00	default.gif
\.


--
-- TOC entry 2934 (class 0 OID 17245)
-- Dependencies: 204
-- Data for Name: message; Type: TABLE DATA; Schema: public; Owner: postgres
--

COPY public.message (message_id, fullname, email, subject, message, date) FROM stdin;
1	Aslina	norazrin@northport.com.my	Hai	heyaaa	2018-06-07 01:08:30
2	Azrin	azringhani125@gmail.com	Asalamualaikum	Wazzup	2018-06-07 02:10:10
\.


--
-- TOC entry 2935 (class 0 OID 17252)
-- Dependencies: 205
-- Data for Name: payment; Type: TABLE DATA; Schema: public; Owner: postgres
--

COPY public.payment (payment_id, amount, rid, payment_date) FROM stdin;
1	2000	42	2017-04-28
2	\N	296	2019-09-04
3	\N	296	2019-09-04
4	\N	14	2019-09-04
5	\N	24	2019-09-04
6	\N	24	2019-09-04
7	\N	20	2019-09-04
8	\N	14	2019-09-04
9	\N	26	2019-09-04
10	\N	23	2019-09-04
11	\N	21	2019-09-04
12	\N	29	2019-09-04
13	\N	30	2019-09-05
14	\N	32	2019-09-05
15	\N	32	2019-09-05
16	\N	32	2019-09-05
17	\N	32	2019-09-05
18	\N	48	2019-09-11
19	\N	48	2019-09-11
20	\N	67	2019-09-12
21	\N	71	2019-09-17
22	\N	69	2019-09-17
23	\N	74	2019-09-17
24	\N	69	2019-09-17
25	\N	69	2019-09-17
26	\N	74	2019-09-17
27	\N	70	2019-09-17
28	\N	68	2019-09-17
29	\N	71	2019-09-18
30	\N	67	2019-09-18
31	\N	74	2019-09-18
32	\N	71	2019-09-18
\.


--
-- TOC entry 2947 (class 0 OID 17454)
-- Dependencies: 217
-- Data for Name: profile; Type: TABLE DATA; Schema: public; Owner: postgres
--

COPY public.profile (first_name, last_name, bday, gender, marital_status, address, email, phone, phone_ext, dept, "position", education, education1, education2, experience, experience1, experience2, image) FROM stdin;
MUHAMAD SYAMIRUL AMRI 	MAT ISA	1997-03-03	male	single	Klang	syamirulamr07@gmail.com	0134620224	3421321	ISD	INTERN	MALACCA MATRICULATION COLLEGE - MODUL 3	UITM SHAH ALAM - BACHELOR OF IT (HONS.) INTELLIGENT SYSTEM ENGINEERING		OPERATOR	sv		\N
																	\N
																	\N
																	\N
																	\N
																	\N
																	\N
Syamirul	Amri	2019-09-03	male	single	Klang	mirul@gmail.com	0134620224	8675747476	ISD	Intern	532	55		OPERATOR			\N
																	\N
																	\N
																	\N
																	
																	
																	
MUHAMAD SYAMIRUL AMRI 	MAT ISA	2019-09-18	male	married	1	1	1	1	1	1	1			1			
\.


--
-- TOC entry 2937 (class 0 OID 17263)
-- Dependencies: 207
-- Data for Name: r_combo; Type: TABLE DATA; Schema: public; Owner: postgres
--

COPY public.r_combo (r_combo_id, menu_id, r_details_id) FROM stdin;
\.


--
-- TOC entry 2938 (class 0 OID 17266)
-- Dependencies: 208
-- Data for Name: r_details; Type: TABLE DATA; Schema: public; Owner: postgres
--

COPY public.r_details (r_details_id, rid, combo_id, r_nop, r_total, r_price) FROM stdin;
\.


--
-- TOC entry 2939 (class 0 OID 17269)
-- Dependencies: 209
-- Data for Name: r_noncombo; Type: TABLE DATA; Schema: public; Owner: postgres
--

COPY public.r_noncombo (r_non_id, rid, menu_id, serve) FROM stdin;
\.


--
-- TOC entry 2936 (class 0 OID 17255)
-- Dependencies: 206
-- Data for Name: reservation; Type: TABLE DATA; Schema: public; Owner: postgres
--

COPY public.reservation (rid, r_date, r_time, r_staff, r_first, r_contact, r_email, r_address, r_type, r_ocassion, r_motif, team_id, r_venue, payable, balance, r_status, date_reserved, r_code, pax, combo_id, price, modeofpayment, r_position, division, tel_ext, pc_ip, pc_assign, department, signature) FROM stdin;
83	2019-09-16	\N	970303104	MUHAMAD SYAMIRUL AMRI BIN MAT ISA	0134620224	syamirulamr07@gmail.com	\N	\N	\N	\N	\N	\N	\N	\N	pending	2019-09-18	5m8jYmCv3vn	\N	3	50.00	\N	INTERN	IT	120301122	192.0.0.2	Yes	ISD	data:image/png;base64,iVBORw0KGgoAAAANSUhEUgAAASwAAACWCAYAAABkW7XSAAAQtklEQVR4Xu2dWazewxvH5wSxb9EUDaEhpcQWS0lQxB6CpIjjgooIF2gvaK8sqdiT4qI0sSZcUEIToQmJJVKNSlBaQajSlmgbmsYWy/mf7/wzrznT97znvPs88/tM0jTnnPf3e5/5PDPfzDzzzMzA0HBxFAhAAAIGCAwgWAa8hIkQgIAngGDRECAAATMEECwzrsJQCEAAwaINQAACZgggWGZchaEQgACCRRuAAATMEECwzLgKQyEAAQSLNgABCJghgGCZcRWGQgACCBZtAAIQMEMAwTLjKgyFAAQQLNoABCBghgCCZcZVGAoBCCBYtAEIQMAMAQTLjKswFAIQQLBoAxCAgBkCCJYZV2EoBCCAYNEGIAABMwQQLDOuwlAIQADBog1AAAJmCCBYZlyFoRCAAIJFG4AABMwQQLDMuApDIQABBIs2AAEImCGAYJlxFYZCAAIIFm0AAhAwQwDBMuMqDIUABBAs2gAEIGCGAIJlxlUYCgEIIFi0AQhAwAwBBMuMqzAUAhBAsGgDEICAGQIIlhlXYSgEIIBg0QYgAAEzBBAsM67CUAhAAMGiDUAAAmYIIFhmXIWhEIAAgkUbgAAEzBBAsMy4CkMhAAEEizYAAQiYIYBgmXEVhkIAAggWbQACEDBDAMEy4yoMhQAEECzaAAQgYIYAgmXGVRgKAQggWLQBCEDADAEEy4yrMBQCEECwaAMQgIAZAgiWGVdhKAQggGDRBiAAATMEECwzrsJQCEAAwaINQAACZgggWGZchaEQgACCRRuAAATMEECwzLgKQyEAAQSLNgABCJghgGCZcRWGQgACCBZtAAIQMEMAwTLjKgyFAAQQLNoABCBghgCCZcZVGAoBCCBYtAEIQMAMAQTLjKswFAIQQLBoAxCAgBkCCJYZV2EoBCCAYNEGIAABMwQQLDOuwlAIQADBog1AAAJmCCBYZlzVXUM//vhjd+edd7qLLrrIXX311d39Mt4OgRYJIFgtgivtsdNOO8298847vlpDQ0OlVY/6FEIAwSrEke1U4+2333ann366f8X06dOdfqZAIEcCCFaOXumxTfHo6q233nL6mQKBHAmYFKwNGza4lStX0rE60KLi0ZXiV6+88koH3sorINAdAqYEa9KkSU5i9ffff9doaDRw4oknuo0bN7pjjjnGDQ4Ouj322KM7tAp864EHHujWrFnja7Z69WqnnykQyJWAGcF66KGH3OzZs8fkqA6nz2q0QGlMIGZ6++23uzvuuANkEMiagBnBEsUDDjjArV+/3k2cONFNmTKlYXD44osvdvPnz2fEMErz++WXX9zkyZOd/t99993dt99+y8g0666KcSJgSrBSly1atMgtWLCgoXA99dRT5BXVaesaTSnvSgVGiIEVAqYFS5C3bNninnjiCXfXXXe5TZs21eVOhxyJRaMpxfs0uiKNwUpXxU7zI6zYhep8ismEUUPqXpbr/yNywgknuOXLl/tfwAUhsETA/Agrha1lem0tCStf4e8KxmsVrOrl6aefdjNnzvQYzjnnHLdkyZKqI6H+hggUJ1hir9GW0h0++eSTEa6o+kpYHGjfdddd3XfffUeg3VBnxVTjQfdGDqwnWsrP+vnnnyvr9zijXSuos2bNqiwLKm6TQJEjrOCKeqJ18803+1hX1Yoy2C+55BJfbaWHKPBOgYA1AkULlpyhY1M0sti8ebP3zbbbbuuz5auUDR9PBcWAQLu1boq9gUDxgqWKxvvl9HPV0hy0CPHMM894n5PGQOe3TKASgiUHXX/99W7hwoXeV1dddZXTalkVikaYyrlSUUa7fma/YBU8X2YdKyNYccfVdFApDlWYFh599NG11dKqr5KW2YWrVavKCJbcGp9MUIVpYZxzpUC7RLsKIl2tLlyt2lZKsLSM//DDD3sPKxCv4HOpJQ20V0GgS/Ul9fqPQKUES0v5OqEglJLPfyLQTjcvkUClBEsOjGM6pY464nid6vzRRx/5elMgYJ1A5QQrPlalxCC0poJaFQyJoSXW0Xqnw/7WCVRasErMeo/TN4466iifg0agvfUOwpN5EaicYMVbVEoTrLhuamZktOfV2bCmfQKVE6zbbrvNzZs3z5PTMStPPvlk+xQzeIPiVrpbUFNClVNPPbV2MWoG5mECBDpCoHKCdcstt7gHH3zQwyvlWqs0hYEz2jvSN3hJhgSKFKxrr73WLVu2zL366qtbbUMp8R4+XbixePHiWvMi0J5hT8OkjhAoTrA++OADN23aNA9Hh9StWLFihGjFS/4lnEKaXn/G0TEd6Re8JFMCxQmWpkd77rlnDbdESXlI8UrZwMBA7e9DQ0OZumZss9KpoJ4oNbdsbBp8ogoEihMsOe2ll15yM2bMqPlPSZNaMQuiFSeP6sada665xqSv42x2VYDRlUk3YnQTBIoULNU/PQMr3jsYHxWszx5yyCHuiiuucIr9WCnpNiNGV1Y8h53tEChWsAQlPq1AP2tEEqZM4UC7FN7KlSvdYYcd1g7TnjybBtoZXfUEO1/SZwJFC1YQqVicXn75ZX/MSri/cMKECW7jxo0j3DB37lw3Z86cbDPE09Ejo6s+9yK+vmcEihes9CIKxbF04mg4ZkbTQAXhtccwLjlnwadTWuVdhYTRnrUcvggCfSBQvGCJaXoRxb777ut++OEHj3twcNA999xzLr4NWb9XYF6ri7mVdPsNo6vcPIQ93SRQCcESwPiUhhjo8ccf75S7Ve/vusMwt43Diq99/vnntSoQu+pm9+DduRGojGCFUVN6G3Q8korzs/R5xbsU3M6laEuRthbFhbyrXLyDHb0gUCnBSqeGAXBIHk1X3nK6XSc950q2H3vsse7DDz/sRTvhOyCQBYFKCdZoU0ONuo488sit0iBy2rqTbsFRXd599113yimnZNGQMAICvSBQOcES1IMOOsh98803Nb5KYbj33nt9cD7c4ZeOvnrhjEbfEd/4o8+xwbnfHuH7+0GgkoKVZonvs88+PpCtAHsax8phr2G6MkgaQz+6Ct+ZA4FKCpbAp8IURiw5Cla6Z5BAew5dBxv6QQDBiqgrlqVz0EPZcccd3W+//dYPv4z4znizNmkMfXcHBvSRQCUFq97WFvng5JNPdu+9917NHfvtt5/7/vvv++ie/391POqbPn2639hNgUAVCVRSsHQS6YUXXuj9vc0227h//vmn5vsjjjjCffrpp7Wfc7jIIRas9Fjnr7/+2j377LNu06ZNNbu1dUdF4jZ16lS39957V7FtU+cCCVRSsOIEzL322st39lA0/dJqYSgLFy501113Xd9cnx5IqFXMm266yb322mv+jK9043Y9Q3feeWd31llnOQmZRIxLVfvmTr64TQKVFKw4iH333Xe7559/3qUZ8IGrtuz085ys0aav7fhdq6ESLyXKSsCUMkGBgAUClRSsOKdJG5w1itEVWfVKvwWr3kF9nW5YGnHNmjXL3yKU297JTteV99kmUDnBipND43ymdFtOcOtXX33lDj744L56WXlYOsp51apVIxJeL730Uj86Uhxu8uTJ/gSKEJDX/1o0WLt27bhtl1hJoLUlCeEaNzY+2EMClROseDoY7xWsd1rDTjvt5H799dceuqPxV/3555/u/fff97cBaR/heIpGjxIv/ZPwrVmzZszHdthhB3fPPff4URcFAjkRqIRg6ahkBakvuOACP3oIRVt0pkyZ4n7//fe6qQI6ykVHJlsvqv/y5cvdggULmqpKjsfrNFUBPlwcgeIF64EHHnC33nprS4678cYb3SOPPNLSs/1+SCOqxx9/3B9O2GpRfI8VxVbp8Vw3CBQvWAqmt5NouXr1ajOraJr+6fx6neygYP1oZeLEie6nn35ySncYbcp7+OGHu88++6wbbY53QqBlAsULVjMjLAWw77//fn9IXoj1xNeDtUy5yw9KnHSphqZ+adl+++3dGWec4UeZIaE0/oyejcXtxx9/dIceeigjqy77jNe3RqB4wRotj0nBd60MaiVty5Ytnl7o0OkzOWS713NvI6FSioLqp3pSIFAKgaIFKz3fSlntL774Yt2RRurQ+Gaa3C6k0OhP2e46wC++LUdpGlrZk0iRDFpKF6UeMYFiBUujD21jCR1anVkjp/EGkdOEzRxGWarL7Nmz3QsvvDDiFAmd4KC0DEZTdO7SCRQpWCFzPd4T2MqFEhqthPsL+znKClM/5VHFIyrFp3RSqoSKRM/Suyr1E4HiBEsipZXBuGO3epyw3qGp1ebNm31rafU9rTa1RjEq5ZNpNRChapUuz1kkMDDcGYeUPa1y0kknud12281iPbzNGoHMnDlzhFi1e/ONVt70TpVddtnFn4/VbZHQ1FXpCfVW/TT90+/rrfiZdRyGQ2CcBAaGl7uHtJSvMnfuXL8lw2Kpt7WmXbEKHOITP7XypullN4pGh4pR1csbCwF1TVO7LZjdqBvvhEAnCAxcdtllQwrihqJ4iM4Mt1LUyTUCiuNV6tyaLnUqCK13H3fccf6gP/2vbS6dLI2mfvoeCa8EmZW/TlLnXRYJDAwvjw+l20/eeOMNd+aZZ2ZfH3XiefPmuX///bdmq8530pSp0537/PPPd6+//rqbNGmSW7duXUfYKEamoL7qUa90qy4dMZ6XQKAPBAaGt54M6WiSuChfaTwnWfbBXv+VmjJpVBVnaCu2o1FVt66WHx6JukWLFvnv78QZWarD2Wef7f7666+tMEqo9B3EqfrVwvjeXAn4VcL0kk4ZO23aNLds2bKs7JZAKcaj4HpcLr/8cvfYY491NbYTZ7+3c0V8o+mfbuyR6CJUWTU7jMmIgBes9N67YN8XX3zhj1/pdwlTJ3XmOF1BoyqJ13iTQdutR7yRupVRluzXnr+4DrJJ5089+uijHYu5tVtPnodArgS8YKU3Cwdjx+qUX375pVu6dKmPF3VjVDCaUCmoLtt6fcBcPMrSbTQ6AXSsEuqguFq9ExQ0qhL/TsfcxrKLv0PAIoFa4qiWypUgud12242Iq2gFUUfxpkW5W4ODg7VOOJa4NQNHHVh5SOnUT+/oZ8Jkul1ntKNntKq4ePFib3+8epky6HUiajM+4LMQyJFATbDq5TGNNtJS8FlB6LQMD9ZaruP8+fPdihUrfCdPp0xBqHJY2teISHaqxEfPSMy04if7G51Fped6PZVt2Sk8CIHMCIzYmhOfUNCsnUqN0AmdzRZNlXTyQDjiJX5e4qBpn1b+ckmWfPPNN/0df3FRDOqPP/4Ys+r9msqOaRgfgIARAlvtJZSA6LC3DRs2jLsKV155pb99uJmikYhW/NLRSDjHSeKZa1xHKRX1ts3Uq79ESoIb/jXDiM9CAAIjCdTd/Kwp2XnnnTeutIZmY1cKXIepUzBFnXrOnDnuhhtuyGYk1aihqA5a7Rvt6GVEim4Gge4QaHhaQzpF1Omc+++/v9OxJrqBRvlI410d1IhKQpV2cgWere6PU13uu+8+t2TJEu8dJXyGKWx33MVbIVBtAg0FSyMtCZKucW/2PCg9q+ckVPUC0Zr6KS8p12lfM81CdQ1H0TTzHJ+FAASaIzDmeViKMUmslPJw7rnn1oLLrd5Ew0be5hzEpyEAgf8IjClY+mh8JlQr8LTaFy59KGFE1QoDnoEABNonMC7B0tfMmDHDrV271o+ylGKQbofRlChNkgwrfYhU+47iDRCAQIFHJONUCECgXALjHmGVi4CaQQACVgj8D8/+brd6obEZAAAAAElFTkSuQmCC
81	2019-09-16	\N	970303104	MUHAMAD SYAMIRUL AMRI BIN MAT ISA	0134620224	syamirulamr07@gmail.com	\N	\N	\N	\N	\N	\N	\N	\N	pending	2019-09-18	lZ4nmOdPS9y	\N	3	50.00	\N	INTERN	IT	120301122	192.0.0.2	Yes	ISD	
72	2019-09-16	\N	23213	MUHAMAD SYAMIRUL AMRI BIN MAT ISA	01293818	syamirulamr07@gmail.com	\N	\N	\N	\N	\N	\N	\N	\N	pending	2019-09-17	tmUHtuylMR6	\N	3	50.00	\N	INTERN	IT	120301	192.0.0.2	Yes	ISD	data:image/png;base64,iVBORw0KGgoAAAANSUhEUgAAASwAAACWCAYAAABkW7XSAAARMklEQVR4Xu2dS8hWRRjH5xOkwu6ZBdFFghaJmBJkIVQLg+gqWIs2KS2EXJiQK8FSuixcpIuCWmQGQRBSkrSosAwsKqLEpBZBF4KSoosVtMr6D83LvMfznvdc5pwz857fwMer33fOnOf8njn/d56ZZ+bMnfyvGAoEIACBBAjMIVgJeAkTIQABSwDBoiFAAALJEECwknEVhkIAAggWbQACEEiGAIKVjKswFAIQQLBoAxCAQDIEEKxkXIWhEIAAgkUbgAAEkiGAYCXjKgyFAAQQLNoABCCQDAEEKxlXYSgEIIBg0QYgAIFkCCBYybgKQyEAAQSLNgABCCRDAMFKxlUYCgEIIFi0AQhAIBkCCFYyrsJQCEAAwaINQAACyRBAsJJxFYZCAAIIFm0AAhBIhgCClYyrMBQCEECwaAMQgEAyBBCsZFyFoRCAAIJFG4AABJIhgGAl4yoMhQAEECzaAAQgkAwBBCsZV2EoBCCAYNEGIACBZAggWMm4CkMhAAEEizYAAQgkQwDBSsZVGAoBCCBYtAEIQCAZAghWMq7CUAhAAMGiDUAAAskQQLCScRWGQgACCBZtAAIQSIYAgpWMqzAUAhBAsGgDEIBAMgQQrGRchaEQgACCRRuAAASSIYBgJeMqDIUABBAs2gAEIJAMAQQrGVdhKAQggGDRBiAAgWQIIFjJuApDIQABBIs2AAEIJEMAwUrGVRgKAQggWLQBCEAgGQIIVjKuwlAIQADBog1AAALJEECwknEVhkIAAggWbQACEEiGAIKVjKswFAIQQLBoAxCAQDIEEKxkXIWhEIAAglWiDaxZs8Z8/PHH5vHHHzf3339/iTM4BAIQaIMAgjWF6kcffWSuu+660VHnnnuuWbdunRWua665pg2fUOcEAp999pn9C9yH20QQrBK+n5ubyz1KD44TLwkZpT0C3377rbniiivsBb7++uvRv9u7IjXHSADBKumVXbt2mddee80cOnQo94y7777b6IeQsSTQiofpi2Hv3r32rKeeeso89NBDFWvg8FkggGBV9OI333xjXnjhBfujb/1sUU/Lidddd91VsXYOzyOgUHD58uWjP910003mnXfeAdYACSBYDZz+7rvvWuFSz+v3339HvBqwLDpVofeRI0fGDiEsbAl25NUiWIEc5IRr//79uTX6Pa8bb7zRMOZVDrxC8c2bN9uDL730UnPixAn75aBe7KuvvlquEo6aGQIIVmBX/vbbb7bHpZ9J4qVL6oFTaKOw0Q0mBzYl+er0JbB+/frRfezZs8coJN++fbv9nf6vsS3KcAggWC36uqx4KeSReOlnaL0vMZKwS+AlRhqvEgcVhdyuXH755fbvOl4C70JwQsMWG3CEVSNYHTnFFy89iHljXs4UJ2D6XLZs2czmHT366KNm9+7dVoSmFYV/6pU6Ibv55pvtvzUrq54YZRgEEKye/KwehYRLn3mzjVmz1OuQgOlHPQwJWcrjYBKfopDZv/88UXLni4V6WZRhEECwIvCzQh0nYNN6X3lCpt+5MEoPsBsTUxgV2/iYelPqHbms9SL855xzjs23Uk8sW/Q7N5Z18uTJCLyICV0QQLC6oFzxGnqYJVz61E92Sr9idfZw9cbckpZJ/25b4IrESuKkGUFfYJ0I592vL1jKySo6tg4vzomTAIIVp1/GrNKD7kTMDUyHELFJt+4ETZ+ux6ZP/V+TAnXLpDBQIZ/EqkqIi2DV9ULa5yFYCftP4uX/SNQkbvpdmXGxurfuBE09Nv1bvZtpvTOFdhpgz5a6y2wQrLreS/s8BCtt/0213qUG+GImQVPR74pmK6dWnjnA9cjcxICETJMDskFb9GTLI488kjs+Vea6CFYZSmGO0ZegevQxTPQgWGF8mnQtTtT8T9dIQ9zYvHnzzD///DNW1aZNm2wYWLf4PTbGsOpSLHfeGWecYf7++29z8cUXmx9++KHcSS0dhWC1BHZWqnU9M4mZCz8n7VhR9p41DuYnhZY9zz/OHw8jedTYFQEffvihOXjwoBWWUOXFF18c24Hk119/rTTWGMoOVw+CFZroQOpzM5jus6yIuRCxygB7HlKFm+6aQxcsib9LpFXPU+OCocqqVavM4cOHR9X1nUKCYIXyLPWM0jCKROzTTz8NkrnvC1bf3/oxuN5tMjl//nzz119/GX02LRoWOO+880bVLFmyxHz++edNq210PoLVCB8nTyNw4MABmxR75pln2oXKobY3Vg/NTRj0/a0/jUHbf1cCrZ9c+/TTT5sHH3yw8WWzi89j+GJAsBq7lQr6IOBvWz1kwVJvavXq1eaDDz4YuSHUBodLly4d9aiuvPJK89VXX/Xh6rFrIli9uwADqhLQ4P/ixYvtaWeffXbQ1IyqtvR9vBu/UmKvS1cJIVjZcHDr1q3mscce6/t2DYLVuwswoCoBf5DZbTtTtY5ZOV7htnLcNGuqf7vStNe5Y8cOozw5V77//ntzySWX9I4NwerdBRhQlYB7SHVeiBSJqteP6fiNGzeaZ555xr4zU70gldNOO83mTTUpF154ofn5559tFYsWLTLHjx9vUl2wcxGsYCipqCsCfpb70AXrgQceMM8//7zZsmWL2blzZ5Aelv+FoAoffvjhsbq78nPedRCsPulz7VoEfMHSFtN+KFSrwkRPcqHxZZddZhNH3XY7up26M3oau1J9f/zxx4hKqFSUEJgRrBAUqaNTAr5gNVmP2KnRLVzMvavxySeftCGgL1h1k2n9/DaZvGDBAvPnn3+2YH29KhGsetw4q0cCCJaxu3IoqVP7iOnfPhO5ps76Sv9ltc69sfVgEaweHzwuXY8AgmVGAuV6mE0FK0+s5J262//U8+z0sxCs6Yw4IjICQxcs9aiUh6ZPF/r572+s2sOaJFaqJ6bxK9mDYEX2MGLOdAK+YDXdpmb61eI7wt2//3IOPzetitAUiZULN2MigGDF5A1sKUVgyLOEeb0rQcsKVplZwrVr15p9+/aNMT///PPNL7/8Yn8X4yvUEKxSjwgHxUTAX5Q7tDwsJ9bZ+84KVlGmu5bwbNiwwbz55ptjblVv1d/G2n8XZCz+R7Bi8QR2lCbgP5xDEiy/d5WdBfSZnHXWWebEiRO5PHWccrbcukN3kAbvtR5Rf3OlTC+ttNMCHYhgBQJJNd0R0H5by5cvtxfUhoBl3nHYnXXtXcltC50n0q+//rq588477cVXrFhhPvnkk1MMyc4kugOUv7Vt2za7HtG93LYPrhJkbcqoa096nyaC1V77ouYWCQxtexm/B5WXY6UdR9220xImf+GyelPqOWW3pdagun6nPcqyuzP0kZDrJgCKes0IVosPFVW3R2BogiVR0ZtrJiVy+jycoGnJknpMGvPLFu1yob+7DRWz6we7Tmfw0zKKZn4RrPaeKWpukYBCBvfuxaZbqbRoZpCq/Yd50pIbX7AkQkVhsnowEih/X/2VK1fal1ioXHTRRebHH38MYnuZSrKTKFnb/DoQrDJEOSY6Av6at1kWLH+8rijrXGN6ZcbyJoV62sJau5eqdDmRIZsVziokVYiq8LXoBSUIVnSPIgaVITAUwXKh4LRB8Ntuu8288cYbuegkBBpQ1xiRuGVLNhzsKp3Bn/WUTWXWPyJYZZ4OjomOgBOsGLOxQ8Fys4K6R/VEJs2c6XrZF0ZojEoiJU76LCp+tnuXPP0vnbJrFhGsUK2Lejol4Br7tJ5Hp0YFvJjf6yn7MOschVRiU+XtRP4biLrKbvdFskoIimAFbGRU1R0BJ1hVGnt31jW7kh8qtb29SzZDvotwMNujm9Z79GkiWM3aFmf3RGBWBUtipUFoPcQK6/TZ9C3ZRS7KJpO2PYGRXWxdNX0CwerpgeOyzQi4tIbbb7/dKMt7VoovIGUGoZvetz+O1GZv1RdiZ/OePXvsRECVgmBVocWx0RBws2f33Xefeemll6Kxq4khdcatmlxP5/rjV21t1aMJgc2bN9vUBRUN7Ot30yYD8u4NwWrqcc7vhUDRurpeDGp4UT3MyqXSoHnb41ZjY0Jzc6P/hl6Ok7ckSJMkEqsqkwJj9v4Xs55syJrTIdA5ARc6qeFrHCT14hYel0meDHmvfoZ8nRBtki3ZHVB1nGYg9fsmY3L0sEJ6n7o6I+CHT6l/5/o5VF2MW03qYYW49ssvv2yeeOIJc/To0dFl1KuSUOUlrVZtMAhWVWIcHwUBfzq+6kxTFDfwvxEKmxQKKiQMHZKVuU9/DKuJYMl+bVMjYfKLcsg0sN6kV0VIWMaTHBM9ARfONHnQ+rxJPeTqfXz33Xc2hSG7qV4XtvmzhHU5KvVizZo1Y/arXuV0hRIqx4IeVhetgmu0QsD1DvromYS4IScWp59+uvniiy8Kl96EuF5eHU0ES4Kr2b/s9jVt+gPBaqslUG/rBNzD1tZ0fFs34OckNZniD2HfqlWrzOHDh21VVd4WrdBPIaBLVdD5XdwLghXC69TRC4EyO1T2YljBRfWAK3xyu392sRSmiMGiRYvMTz/9ZA+ZNnmhkHXv3r12nMoXKp2b3RCwLe4IVltkqbd1Am7qXKGhXpgQe8mKVdlFzW3e1+rVq83bb79tL/H++++b66+/fuxyGp+SSElgJ+23pQx5hYVFu0mEugcEKxRJ6umcgL+5XewzhRIr7auudAyVWMLYt956y9xyyy3WpnvuuccsWbLEbuSnXpdEqmgiQCGgEniVE9dVQbC6Is11WiHgBt5j6K1MusHs4HRXW7iUBa637VRZj6nwT+G4xCr0LOA0mxGsaYT4e9QE3DhWl8tZqgDJLvqNcf+uV155xdx7772Ft+U2BBTvustqqnCbdCyCFYIidfRGwM8Sj+3Fn3lipTCr615JGeco9Nu5c6c5ePCg+fLLL+0pEle3rXKfIuXbj2CV8SbHREvAf59eyLVwTW/Yf7mCe/hjFavsvYqpfroYRK/KGcGqSozjoyPgFg7HEhZmF/7KLvUEY+xZRefMKQYhWKl5DHtPIeAvhK6S/BgaZd52KrHMBoa+177qQ7D6Is91gxLoc7ZQ4dPu3bvHpve7yPoOCjCRyhCsRByFmcUE1q5da/bt22cWLlw4ytzugplCPS1R8fOVQuz71IXtKV4DwUrRa9h8CoEDBw6YO+64w/6+i7BQA+jqVblEUF1XU/8SsBD7PuHifAIIFi1jZgi4sLDN2UL1pDTVf+jQoRE3hX/K9g6579PMOCXwjSBYgYFSXX8EXBKpejja2ylkkVAp9MtupaLwT2IVYwpAyPuPpS4EKxZPYEdjAv5sYd3N6LJGTBKqrnYnaAxlxipAsGbMoUO/HRcWqsejBdF1c5+U+KkxqmyPqo8Fv0P3qX//CBatYaYI+EmbEiuJVtlwTekJ+/fvtyLl9qvy4XS5jcpMOSXgzSBYAWFSVRwE/G1/L7jgAvPee++Zq6+++hTjFO4dOXLEilPRfk8K/ySEdV78GQeR2bECwZodX3In/xNQT+mGG26w+6S78uyzz5qrrrrKblKnn2PHjk196QPhX3xNCsGKzydYFICAek+LFy+uVZPW/qk3pVlHSlwEEKy4/IE1gQls2LDBPPfcc4W1ahsVbZ8ikVI4WXegPrDpVJdDAMGiWcw8AY1PKYdKn9dee62ZN2+eufXWW604SagQqHSaAIKVjq+wFAKDJ4BgDb4JAAAC6RBAsNLxFZZCYPAEEKzBNwEAQCAdAghWOr7CUggMngCCNfgmAAAIpEMAwUrHV1gKgcETQLAG3wQAAIF0CCBY6fgKSyEweAII1uCbAAAgkA4BBCsdX2EpBAZPAMEafBMAAATSIYBgpeMrLIXA4AkgWINvAgCAQDoEEKx0fIWlEBg8AQRr8E0AABBIhwCClY6vsBQCgyeAYA2+CQAAAukQ+BfqQHzGI4gofgAAAABJRU5ErkJggg==
69	2019-09-16	\N	970303104	MUHAMAD SYAMIRUL AMRI BIN MAT ISA	01293818	syamirulamr07@gmail.com	\N	\N	\N	\N	\N	\N	\N	0.00	pending	2019-12-09	DyKeAgFda3y	\N	3	50.00	\N	INTERN	IT	134620024	192.0.0.2	Yes	ISD	data:image/png;base64,iVBORw0KGgoAAAANSUhEUgAAASwAAACWCAYAAABkW7XSAAAUwklEQVR4Xu2deahWxRvH50KUBbbRBY1oszI0WjCCSKigxQgyi6QsWqiueZU22iSkBSsrWsTMlKAkupq37RJI/REVUUq22B+3INpEqaBosf4o/MPf/Z6a9/e88857zzZnzsx7vgNS3HvmzJzPM/O9zzyz9e0eS4qJBEiABCIg0EfBisBKrCIJkEBCgILFhkACJBANAQpWNKZiRUmABChYbAMkQALREKBgRWMqVpQESICCxTZAAiQQDQEKVjSmYkVJgAQoWGwDJEAC0RCgYEVjKlaUBEiAgsU2QAIkEA0BClY0pmJFSYAEKFhsAyRAAtEQoGBFYypWlARIgILFNkACJBANAQpWNKZiRUmABChYbAMkQALREKBgRWMqVpQESICCxTZAAiQQDQEKVjSmYkVJgAQoWGwDJEAC0RCgYEVjKlaUBEiAgsU2QAIkEA0BClY0pmJFSYAEKFhsAyRAAtEQoGBFYypWlARIgILFNkACJBANAQpWNKZiRUmABChYbAMkQALREKBgRWMqVpQESICCxTZAAiQQDQEKVjSmYkVJgAQoWGwDJEAC0RCgYEVjKlaUBEiAgsU2QAIkEA0BClY0pmJFSYAEKFhsAyRAAtEQoGBFYypWlARIgILFNkACJBANAQpWNKZiRUmABChYbAMkQALREKBgRWMqVpQESICCxTZAAiQQDQEKVjSmYkVJgAQoWGwDJEAC0RCgYEVjKlaUBEiAgsU2QAIkEA0BClY0pmJFSYAEKFgF2sC6devU/fffn+ScNGlS2xsOP/xwdeGFF6rZs2cXeDOzkAAJjEeAgpWxfXzxxRdqeHhYvfvuu8m/tLT//vure++9V910001pj/L3JEACGQlQsDKAglDNnTs3w5Odj5x44onqiSeeUGeccUah/MxEAiTwfwIUrJTWMJ5YTZgwQU2dOlV9//336o8//hj3TQsWLFBPP/002x4JkEAJAhSsceA99thj6rbbbmt74qijjlIzZ85UV111ldVrevLJJ5OhoE3AENt67rnnFIaLTCRAAvkJULC6MEOc6r777muLV0GI7rnnnlTK8Liuvvpq9d5773U8iyHia6+9phCcZyIBEshHgILVhdeMGTPUp59+2vrtwMCAWr16dS66ixcvVsuWLevIAw8LosW4Vi6cfJgEFAXL0gjMuFV/f7/avHmzOvLII3M3mddff13NmTPHmg+ihWEiEwmQQDYCFCyDE4aCixYtUqOjo63fPProox2xrGx4/31q69atiTdlxrXgaX333XeMaeWByWcbTYCCZZj/1ltvTZYh6JQ1bpXWihDXgjf1+eeftz2K4P3zzz+flp2/JwESGCNAwTKaQV9fX+snl1xyidqwYYOzhvL7778nwfiRkZG2d8LLYhDeGWa+qIcJULCEcY877ri2oeA777xTSWAcorV27dpWyfSyeriH8dOcEqBg/YcTSxgw/NMJooI1U1UkeFpY3rBt27bW6zFUPP7446soju8kgZ4hQMEaMyUC7WeeeWbLqJMnT1ZDQ0OVeFe6EMS0jjjiiFaZ5557rnrzzTd7pmHxQ0igCgIUrDGq8+fPV2vWrEn4Im41ODhYqVhpQ954441qxYoVLbv+9ttvnDGsopXznT1DoPGChVMYpk+f3jLoxx9/rLBo1FdCsF0PDRnL8kWd5cRKoPGCJb2refPmqRdffNGrLbGk4ZprrmmVWVWg3+tHsTASqIhAowXr2WefVddff33tYoEAvF6fhf//7LPPKjI3X0sCcRNotGDNmjVLvfXWW4kFb7jhBrVq1aparGkG/XHoH059iD3hu8D1n3/+SQ4yvPnmm2P/JNa/ZgKNFixsjdHbZeoOeJtrs3phMemhhx6qtm/fnjTxiRMnqp07d9bc3Fl87AQaK1hyU3IIwW5zbVYIdSrTuM3h9h577KF27dpV5pXMSwLN3ZqDRaJYLIoUyqkJ5tAwZi9LeldgjCOmX3rpJXY5EihFoLEelhyChSQMONVBH/wXq5f19ttvq7POOqutYdY95C7VS5g5GAKNFSwEgJcvX54YArNymJ0LIUkva5999lFYJ3bYYYeFULXMdZgyZYr69ttvW8/HKryZP5gPeiPQWMGSQ8LQ1j6dfPLJ6pNPPkkaQR1rw8q0viVLlqilS5e2vSIkD7bMtzFv/QQaK1hywWZogoVYz6WXXtpqHTifK5YlAaeccorasmULvav6+3ZP1qCxgiWHXnfeeaf17PU6LW4ucwhp2NqNi7mhO7Thdp32zFr2jh071N9//61wOxNTJ4HGCtbGjRvV+eefnxC59tprFabhQ0pY5oATSnUAHnsOIVohXxFmiuzpp5+e6ZbskLjXWRccpX3SSSd1VOGWW25Rjz/+eJ1VC6bsxgqW9LBCHXLBY8FkgF7cGnLw2uZdhTbUDqbXWSoCfjjiCP+1Jcweg2fTEwVrrAXgoD54ByEm89adUOtK76p464E3Dc9Ki9Vll12W3CiOJA+VxNo2nFTb5OvhGitYUghC9bB0F5AzmhgSYmgY0hnwNu8qVGEtLivV5MQwENfAabEy95Gaxx9BrHCZb1NFq7GCJWcJ0QDkX7Jqmmbxt+IvMBqoPtEhtOGB6V2dcMIJydVmTOMTACMMA2FfpG6b3u+44w6Fq+Z08nnIZGg2bKxgSQ8rdMFCozEDsqHEhxi7KtalTbFKa4MQNsRdpWi5vNGp2Ff4z9VYwYrJw7INDTEkxILMuhNjV/ktYMassgyfIVY46FEG5au8KCX/V/nJ0VjBkrOEaX/d/JgivRTzRIe6Y2827yqUjeTpNOt7QsYks4iVrqntVnIE4a+88sr6PsZzyRSsMeCxCBbahhTautdmmcMUrrtK771S5GfPnq0QmsiThoeHFS4v+emnn5Js/f396qOPPgpqEibP9+R9loI1RqxIw8kL2uXz8kSHusTWPAoH3xdKXM0la9fv0pvu99tvv2R4V2Qh8Hnnndd2JRzW6oF9kXe5/r6q30fBGiMcm2cgA/BopIhl+W6sWDckZwJjY1h1x7K9H0N63EWJ/5b5Q2O7iBe7IjC89N0OfHNsrGDB6AcccEDCO5QAdh7jy2B3mcafp0z9rHnTD34ew17HIt/qMo+OXZXxrnR9bNt4IFqIIfZyaqxgwah9fX0t2+7evTsqO0NwIbTYtuPTy5JeggYW8pahUIwKbrhRHBubXV0yYu6CwLciXADR6lVPq9GCJS8xjTH+ImebfHlZ8uBDdBB4C/hrH9LK+1BEStZD2srl+WA2b7eXY1qNFiy40CMjI0m7qnuJQNFOpu809OFl2ZYx+BLKonxCyCe5YZ/g0NCQ02rZRAv7Dj/44AN1yCGHOC2r7pc1WrBw9x+O7kCKbaZQNxw5W1d1DMNcxuAiFlN3B/BRvo/7A+Dlohy9fQvfBa8XP8MflV5JjRYsM3AZ60UJcphW1dDWFi/hItF0GZB/UKqO9SFOhiUPmzdvbqsY/ihfd911atq0aekVLvgEvtPHhuxGC5b+K7Rt27aoh4XyO6q46t7cSoLyuIwhvWeb3FzGrsYrHdfXmZv5p0+fniw4HRgYSK94jicgVChPC1bVZ3Y1XrCkd1L3yvEc7aTjUektuo7HyYCxLthX5yvDpO68kpurmcGs3ySFRObZe++91WmnnabuvvvuUh7Rr7/+qlasWNEhjFV5+PobGi9YZiDZdWfP2sBcPKfFF7cs//zzz06mtm3rfXx3PhdsfL9Dcqsz1rdmzRo1f/78js8fHBxUCxcuzD1MhBDi2G7bcUw+jj1qvGDBknK20MdsW1WdB0MQuP4//PCDs9uszUA77khEZ6xynQ86xVdffZX8w0zXMccck5xU4CNG4sI25lCw7lgf7oi86667FPYhyoQRBf4htnbBBReoAw88sOvnr1q1Sq1cuVKNjo5an/F1RhcFawy/uS8u5ql67WW58IJ8B9ptsRfdOyDE6BQxzHjJWcGQYn1ff/11wtB2uOKECRMS8ZLXy4E9nkX/0IcM2tQK3pYvu1Cw/rOA9LLwo1hjNFpkym43sq1or7LzzZ07t8MDsHWOGTNmKFzLho4XYpIij6EgOnsot4prXvjDAG+rm7eUhSu8XX1cc5bnXT1DwfqPpBnLqnpNkysD2t6D4Rq27JTZ3+djRTtEEZ0H6+F0ghDBm8I2lk2bNqn3339fffPNNx2fWXVwt4h90IawKVx7IyHHQ3H/Ifji+jBzGcR43z5p0iS1bt262obnFCxhHbOThtgpsnQkPSQpuu7HFmh3PUyGSEGs5FCj29AC3sALL7yg3njjjdbnh3japjz2J6Zz7XFTN5Y87LXXXglfCK9e6oPvgIeIb8Mf8Spjl1naNgVLUJIbivFjH7MeWYyU9xk9LCk6gWALtHe7Ly9v3TBEwkJGGUfBgkZMs8+bN2/c15nDxqeeeiqZ6QohmUNB7q+sxioULIOrueYoVi9Lb+zOcwQvUFR1MJ9t+IcYD7xa/Mvyl9us29FHH53MJIaQ5Eb6kIeCIbAqUwcKloWebHyxellaePPU37ai3cUeS/PuPSBHAB+bdvOe8mCetplXkMt0lm555R+5Kicmqqh7bO+kYFksZu5+LxO8rqtByEmErDOepnfp4ugYDJWwhkrHqvBOlAOvqkiSBy8if927E8z6xOqRF7FFHXkoWF2o65k2/Lpo8LoOg8oy8wwLzRkuvKdsoN1cx+Vqmt8UVhdrzoraSi6HqbMeResfWz4KVheLmZ0ixpMc8swWmvcLlt1OYnqpmG1CDCpLrCqtE5mTI3i+Ds9m/fr1CudbIZXllfbN/P2/BChYXVqC2SnKeht1NDh93ldaXMW2jKGMAFQpVpqjPMsMPys6I1rULvBIIcI7d+5MXvHggw+qxYsXF30d82UkQMEaB5T0OsquHM9oD6ePyVm18c6sd3m/oClWaWJZ5oPluie8x+eQTE7MxNg2ynCvMy8Faxz65ur3Ml5HHUaWnlM3wbIdr5s1SG9+kxwi4XeI/cETcjEMtPGzXXdVtO557GMOn0OYqcxT/5ifpWClWE+fmY7HcE42jqCtqgO6bkhyBgtbXGbOnNlWhG0ZQ1EvxRwiVXF2uY2POZyteoLEHIpW6UG6bg+98D4KVooVTQ8ktmuUJk6cqP766y/rJRu2ZQxFbiM2N0r7HiKZW6rwDTgGx3Vy6Y26rltT3kfBSrE0OuM555yjsN9Kp5g2Ruvhi+kJmOuH8G1FVmjbvDTfQ2fUAWdm4dBCpIsvvli9/PLLTvuwTayq9uacfkCPvIyCldGQZoA3FtGSHU0uzTDjMEU260IoELCX+wKLDikzmqHrY0uXLlVLlixp/d7loXk2seIyhrIWK5afgpWRGzonRArHw+oU4okB5udIT0oHh10sY7CJVd2dWP5RcbXMwXaIIRj79iIzNtOef4yCldPEdU6l56xq63E9caD3FZrLGPLuF7SJFQqrewsTYlf4VpwFhlT2BmSbZ4X31uVFFrV/L+WjYOW0JjorOr68sDL0aW05s7Vs2bLkfG+Z8i4FMIeTeFcoDMxZvKKTJN3EinGrnB3G8eMUrAJAYxMtuZ7soIMOUr/88kvrq/N2QFMQQvQ4TEHN62lRrAp0Ck9ZKFgFQdtEy2Wgt2C1umaT68n0Q3mvA/N9znsZBqZonXrqqerDDz9MfeXQ0JC6/PLLO57LK+ypBfGBQgQoWIWw/ZsJnguGHPo4WQR6IVohXkeFI17gOciUNxZjXtThckNzCTNYs0JcIVojIyOt36dNkmArE5aw7Nq1q+2dFCvX1in+PgpWcXYt0ZKBXogWZpBCuykF56Hj7jmZ8sSuXMwslkRdKDuOXcalCTrhxp1Zs2YlF1309/e3ft7tijGKVSHslWWiYDlAi84M70N6WqGJlnm8cN51V9iWtH379hatmDqyzbvEhQv444KdALivz0x9fX3q9ttvVw8//LCDFsJXuCJAwXJEEqKFoaCeUg/N0zKHc3lm9cxAOy7d/PHHH6PZUwkT47p2XNueJWFr0SOPPBLs3YdZvqFXn6FgObRsqKJlnjqBTz722GPVl19+mfr1+Cas25LXcWFZxEMPPZSaN7QHMOyDp4l/3ZKvK9dDYxNLfShYji1lE626A/G2dVP47JUrV6rBwcGuBGz7BPMOJR3jdfI6xLQeeOABte+++6qpU6eqPffcUx188MHqiiuuUFOmTHFSBl9SDQEKVgVcIVoQCbm4FMMqzMr5TjbvStbh1VdfVXPmzOmoFrwQ/Fx6VniIW1J8W5DlSQIUrIrag22dFmJciB3lvdqqTBXNrUQ4tQHxJ32f30UXXaReeeWVVhG2+wP1L2MKtJdhxrzhEqBgVWgbdH6c1bR27dq2UuB9wduqeumDbSiIpQzPPPNM2+zXwMCAWr16dXLqArwq2y3PvTAUrNDUfLUnAhQsD6Cx4x/CpZc96CIhWBAVeD0uxQuCg+vgUa5M0kMyr33HeVLdblHG5mgsOo3lpFUPJmURNRGgYHkEj06PWJaMbeniMUzE8A3LDyBgRcQB71++fHnb+VT6/ebRL4hRLVq0SI2OjnYlgDx4J+rERAIhEKBg1WAFDL0gBPCATK9LV0eKV5r3BRHElL0ZIJdiBYEy3zM8PJzks4kWRBP1KyKcNSBlkQ0hQMGq2dAQL4gJxEEeDiirBdGAlwMRw/BMi0i3c6l0XpxrjiEnhqPdhGfHjh1q06ZNauPGjcmxwlgUunDhwuQ6eSYSCI0ABSsgi0CAtHjhv928L3hKZ599dhI8//PPP9u+AIIGYcO/NM8soE9nVUggEwEKViZM9TyE4LkUML3tx6wNYk3wwOAV+VwyUQ8VltpkAhSsiKwvxUsH7rFtBos/GWuKyJCsamECFKzC6OrNCO9L33xcb01YOgn4I0DB8seaJZEACZQkQMEqCZDZSYAE/BGgYPljzZJIgARKEqBglQTI7CRAAv4IULD8sWZJJEACJQlQsEoCZHYSIAF/BChY/lizJBIggZIEKFglATI7CZCAPwIULH+sWRIJkEBJAhSskgCZnQRIwB8BCpY/1iyJBEigJAEKVkmAzE4CJOCPAAXLH2uWRAIkUJIABaskQGYnARLwR4CC5Y81SyIBEihJ4H/2IhzziRGZPQAAAABJRU5ErkJggg==
70	2019-09-16	\N	970303104	MUHAMAD SYAMIRUL AMRI BIN MAT ISA	01293818	syamirulamr07@gmail.com	\N	\N	\N	\N	\N	\N	\N	0.00	pending	2019-09-13	KYFY0J5llf7	\N	3	50.00	\N	INTERN	IT	120301	192.0.0.2	Yes	ISD	data:image/png;base64,iVBORw0KGgoAAAANSUhEUgAAASwAAACWCAYAAABkW7XSAAAQxklEQVR4Xu2deahV1RfHl1I0mY2SpVQWFGFgpmGRZROUZYOQkhqUWApJg1A0/FEJQSMNfxQpZEnRI0VKG2ykQSgko6KMkEYsLDLKMvCfevXd/M5lv/O77917pnv2vvezIVTe2ees/Vn7fdt7nbXXGdb/XzMaBCAAgQgIDEOwIvASJkIAAo4AgsVEgAAEoiGAYEXjKgyFAAQQLOYABCAQDQEEKxpXYSgEIIBgMQcgAIFoCCBY0bgKQyEAAQSLOQABCERDAMGKxlUYCgEIIFjMAQhAIBoCCFY0rsJQCEAAwWIOQAAC0RBAsKJxFYZCAAIIFnMAAhCIhgCCFY2rMBQCEECwmAMQgEA0BBCsaFyFoRCAAILFHIAABKIhgGBF4yoMhQAEECzmAAQgEA0BBCsaV2EoBCCAYDEHIACBaAggWNG4CkMhAAEEizkAAQhEQwDBisZVGAoBCCBYzAEIQCAaAghWNK7CUAhAAMFiDkAAAtEQQLCicRWGQgACCBZzAAIQiIYAghWNqzAUAhBAsJgDEIBANAQQrGhchaEQgACCxRyAAASiIYBgReMqDIUABBAs5gAEIBANAQQrGldhKAQggGAxByAAgWgIIFjRuApDIQABBIs5AAEIREMAwYrGVRgKAQggWMwBCEAgGgIIVjSuwlAIQADBYg5AAALREECwonEVhkIAAggWcwACEIiGAIIVjaswFAIQQLCYAxCAQDQEEKxoXIWhEIAAgsUcgAAEoiGAYEXjKgyFAAQQLOZArQTuuusu2759u9155522//7712oLDw+fAIIVvo+61sK+vj6bO3euG9/s2bPtueee69qxMrByCCBY5XDkLjkIPPzww7ZkyRLXc+rUqbZhw4Ycd6FLLxFAsHrJ24GN9bvvvrNx48Y5q6ZNm2bvvPNOYBZiTmgEEKzQPNJj9gwbNqwx4v7+/h4bPcPNSgDBykqM60sloED7jh073D0RrFLRduXNEKyudGs8gzrjjDPs3XffdQZ/++23duSRR8ZjPJZ2nACC1XHkPNAn4AvW22+/bfo3DQKDEUCwmBu1EjjhhBPs008/dTYgWLW6IoqHI1hRuKl7jfSD7ghW9/q5rJEhWGWR5D6ZCfhpDcSwMuPryQ4IVk+6PYxBv/DCCzZz5syGMb/99hvHc8JwTbBWIFjBuqb7DdP5waVLlzYGSlpD9/u86AgRrKIE6Z+bwCWXXGJr165FsHIT7L2OCFbv+TyYEfspDcSwgnFL0IYgWEG7p7uN22uvvWzXrl2NQfKWsLv9XcboEKwyKHKPzAR00Pmss84acBznzTfftLPPPjvzvejQOwQQrN7xdVAjXbBgga1YsWKATdu2bbPRo0cHZSfGhEUAwQrLHz1hzZYtW+zUU091lUaTNmvWLFu1alVPjJ9B5ieAYOVnR8+cBJTKoJQGv23atMkmTZqU84506xUCCFaveDqgcZ5//vm2fv36hkV6W6iAOw0CrQggWK0IBfBzBahXrlxpygQfM2aMafs0fvx4GzVqVADWZTNBYznzzDMHdNJWUGOiQaAVAQSrFaEaf/7FF1/Y4sWLBy0dPG/ePLvgggtszpw5NVrZ/qN1dnDy5Mn266+/NjppG6gjOmPHjm3/RlzZswQQrIBdv2jRIlu+fHlLCxUPuuOOO1peV/cFl156qa1Zs4bVVd2OiPj5CFagzpNQSbDUFOP5/fff7e+//7atW7e6v6dbDNsqVRP9/vvvnekjRoxwbwWnT58eqAcwK0QCCFaIXvnPpqROlH7JFZD2SwcrDqSywv6btpEjR9rrr79uU6ZMCXJE6coMy5Yts4ULFwZpK0aFSwDBCtA3fmD6vvvus5tuuqmplen0gMMOO8w2b94cZImWK6+80r04SBqlZAKceBGYhGAF6CS/7EqrkivpA8QhpgikC/VdccUV9tRTTwVIHpNCJ4BgBeihpOzKhAkT7JNPPhnSQsWzVBc9iQ3pYgXg04mZdQ4zXfeKQ851eiPuZyNYAfov+Vbf9ddfb/qce6smUZs4ceKAy5588knTNiyE5gfbjzjiCNOKiwaBPAQQrDzUKuzji8/zzz9vWm210yRsS5YsaVwq0dNKRquvOpu2fvPnz2+YENrqr042PDs7AQQrO7NKe/i/4FkD0+nAdgjxrHSMLeuYKoXNzaMjgGAF5rIk3rPffvs1zbdqZa7/nT9dW+eKJn0Mp90tbqsx8vPeJYBgBeb7JOA+bdq0QY/kDGWygvCKGe3YscNdpq2hPgGvPzvd0is+PkXfaQ903/MQrMB8mmyh8gqWhpNO0qxjlUUqQ2ATq0vMQbACc+QNN9xgjzzyiBURLA3J/yJNHausdCoDq6vAJlqk5iBYgTku+UVXLOrjjz/ObV16a9jpVZafykCiaG430jFFAMEKbEr46Qmtstxbme6/cdxnn31s586drbqU8nM/2K6XB9oe1hFDK2Uw3CQoAghWUO4wF2hPCtyVkQJw8skn28aNG90o77//frvxxhsrH7EfbGd1VTnunnoAghWYu/1g9YsvvmgzZswoZOErr7ziivypdSqWlWTq65nErgq5j85sCcOfA8OHD3ff61M1httvv72wwX4AvupYlv+Gkryrwq7jBghW+HMgqYVVlrj4q7aqV1lz5861vr4+B5nVVfhzLTYL2RIG6LGyBUtD9ONKZQlhGp3eTB588MGuMuqFF15o69atC5AuJsVMAMEK0HvJ8ZqLL77YJYGW0dKJnFWsfvy3ki+//LLpc140CJRJAMEqk2ZJ9yoj272ZKUlSqn5Wxdu7JPeqaNJrSRi5TRcSQLACdGoiWIo3KbWhrJZOJi1zleWnY2Qpi1PW2LhPbxBAsAL0s1+SpWjyaHp4fmJqmausxGYK9AU4obrIJAQrQGf65/DKXAVpqFWssvzVVUiVTgN0LSYVJIBgFQRYRXdfsKqof+4Hx8tYZSWrK47hVDEbuKdPAMEKcD74yZdVpCD4H64ompflr66qsDVA92BSjQQQrBrhD/Zov657GSugZs/xV1lFtnHJm0FWVwFOpC40CcEK1KlJ8mjRMjODDc+PZekDrD/++GNmEv7W9aGHHjKlTdAgUCUBBKtKugXu7b8pLKNqQzNTbrnlFrv33nvdj7LGypSIqk+LSfh4M1jA0XTNRADByoSrcxf7q5eq8pr08VVt6dSyfmHHF1QVGqz7c2Kd8wxPqpMAglUn/SGe7Qezq6x64J8xbFd4/FyuPIF2rcquvvpqGzFihCvlrMx4CvwFOhEDMwvBCswhvjlJXamq4lh6VtYAv8Rm3Lhxbis4YcIE1z9Le+mll9wHX7/66qsB3TRGiZfOT7Jay0K0t65FsAL2t1/HquwEUn/Y/vau1XP8a7PGvWbPnm2rV69uSVzP0JvLZLvasgMX9AwBBCtgV/tbr5tvvtnuueeeSqz1t59DpVEUyQ9Lf1RVA1Epmu3btzcdk1aXit1JvGgQSAggWAHPBb8kjH65f/nll8qsTUraSCgUy0qvbpK3gX/88Ycdd9xx9v7772eKOx1//PG2efNmZ79eKJx33nk2ZcoU94EKiZn+W7ly5YDxyRattLTSpEFABBCswOfBsccea1u2bHFWVvW2UPf2E0mbBdL94PyGDRts6tSpbZN79tlnbd68ee76c845x954442mfSVaEqfkq9XJRUq/uPvuu9t+Hhd2LwEEK3Df+jWsyizo12zYSdZ6+riOvxXMmiDqr8z0zFZvFRXE1zbQF60qXzoE7n7MSxFAsAKfEunYT6ugeJHhNEtX8BNElX4g8cqSguAH6dv9NqJE65RTTrFdu3Y1hrNq1SqbNWtWkeHRtwsIIFgRONH/bFbWFU6W4fnHdfbdd19TvMqvxCDxzJJykP5cfRbblf6guvB+Q7SyeLM7r0WwIvCrv0qpenu0ePFie+yxxxyV008/3d577z3396wHpP2YmPrnOb6jD8pKJJM2fvx4F/869NBDI/AaJlZBAMGqgmrJ90yvVKrcFuoN4YknnjhgBFljZ2mx0s3yvjBIDoEnBpXxcdmS3cPtOkgAweog7LyPSsexsq52sj5XaQtffvml63bIIYe4v7cbt/Iz55PnZhU839702BXH0taQ1psEEKxI/O7HsbIeVM4yxPTq6PLLL7enn366rVsoQK9tnP5MmraCErF2Ba/Zg0aPHm0///yz+9GYMWPsmWeeIaG0LY9030UIViQ+9fOgZHIV20L/LeHw4cPtn3/+cXTaDXb7sTb1U1G/rIH6Zu646qqr7Iknnmj8SFtkpUfQeo8AghWJz/1cKJlcZgUHvR3UgWStrtS0Kpo+fbo9/vjj7t977LGHvfrqq0OuatJxNvXLetZwMFdI9G677Tb74IMPGpe0K6KRuBcz2ySAYLUJKoTL/G1h0VrsyXgkVjNnzmy8jVMFBgmE7u9n2V922WXW19fXFEOzuFWrBNGsPJcuXeqO9PgN0cpKMf7rEayIfJhexRQNvivWdNFFF9lnn33mKKQPPvsVSfXzwQTi8MMPt61btzZIVvXl57RoSVSXL19OQmlEc7ioqQhWUYId7O8fhtZjjzrqKPv6669zWaAtporoJdUSBtti+iVhxo4da+eee64pED9q1Cj78MMP3YFlP1dq7733dvXhiwTZhxpQukSNcrM+//zzXAzydPrhhx8G1PKimkQeivn7IFj52dXS00850Nuzbdu2ZbbDP5+ozsuWLbOFCxc2vc9HH31kkydPbusZu+22m3ujqO1jVU3iuGDBAvvmm28aj6gqCK9nKeNeAf8DDjjAvehINwnWmjVr7MADD6xqyNzXI4BgRTYdTjrpJNu0aZOzOmvWu2JNilclaQeKVynQ3uq4jYruaWXTql1zzTX26KOPtrqs8M8lJPPnzx+QPqH8LD2/6Ipn3bp19tprr9nGjRtNYt1OU5pFUo2ineu5Jj8BBCs/u1p6po+rrF271sWhhmoKrCv+o7SFpClepX+3u3WTSOjIzmAVQzud0NksCK+aYQ888ICLxWVtDz74oK1YsaJRsytL/6KxxCzP6vVrEazIZkD6UPCiRYsa6QfpoWhFpRiTVlESLTXlRunfeYviKcit2lS77767K8J30EEH2YwZM2zSpEkdJzlYyWWVyVHemoSrWZnlJOamOmPaUq9fv96tqIZqqjTx119/NS7ReLUC01b61ltvpZxzh7yPYHUIdFmP+fPPP932Q2fq1Pbcc0/3C6etkH6B3nrrLZevpF/KRKTyrqrKsrnK+2jFd91119lPP/005GP0wmDnzp3W39//fwUCm3WUIKlixZw5c+yYY44pvNWskkEv3RvBitDbqu2u/6u307Si0mpDgfZu/aiDVpJKwVDsqWjTFlmsyKQvSrKa/ghWNVwrvatWT9dee+2gr/N1YFlv6rTqyrv1q3QAFd1cLxP0xlApG+kyy60eqVWrjgAlK6tW1/PzegggWPVwL+2pOlKTlBXWkZrTTjvNjj766NLuH+uNJFriksSrVL1UqRBaQekAtcR85MiRNnHiRFMul/LKaOETQLDC9xEWQgAC/yOAYDEVIACBaAggWNG4CkMhAAEEizkAAQhEQwDBisZVGAoBCCBYzAEIQCAaAghWNK7CUAhAAMFiDkAAAtEQQLCicRWGQgACCBZzAAIQiIYAghWNqzAUAhBAsJgDEIBANAQQrGhchaEQgACCxRyAAASiIYBgReMqDIUABBAs5gAEIBANAQQrGldhKAQggGAxByAAgWgI/AuTcWi3HtZFiAAAAABJRU5ErkJggg==
68	2019-09-16	\N	970303104	MUHAMAD SYAMIRUL AMRI BIN MAT ISA	01293818	syamirulamr07@gmail.com	\N	\N	\N	\N	\N	\N	\N	0.00	pending	2019-12-09	ZBMwfmUOLPL	\N	3	50.00	\N	INTERN	IT	134620024	192.0.0.2	Yes	ISD	data:image/png;base64,iVBORw0KGgoAAAANSUhEUgAAASwAAACWCAYAAABkW7XSAAAcVElEQVR4Xu1dCdBW0xs/ZhAaoeyVpQxJE5WiTGMXSXZZyi4mo0J2WbK1iabyyR5RMSaVRraxpciSNhojlGSrIREq/P0u5/6f93x3Off97j33vd/3e2a+ofeee55zf+e+v/c5z3me52z09z+iKESACBCBAiCwEQmrALPEIRIBIuAhQMLii0AEiEBhECBhFWaqOFAiQARIWHwHiAARKAwCJKzCTBUHSgSIAAmL7wARIAKFQYCEVZip4kCJABEgYfEdIAJEoDAIkLAKM1UcKBEgAiQsvgNEgAgUBgESVmGmigMlAkSAhMV3gAgQgcIgQMIqzFRxoESACJCw+A4QASJQGARIWIWZKg6UCBABEhbfASJABAqDAAmrMFPFgRIBIkDC4jtABIhAYRAgYRVmqjhQIkAESFh8B4gAESgMAiSswkwVB0oEiAAJi+8AESAChUGAhFWYqVLqp59+UjNmzFBjx45Vr7/+ujfy3r17qzPOOEMdcsghBXqS4g8V+F9++eVqzZo1qlevXurmm28u/kMV4AlIWAWYJBDVrbfequ69997Q0e69996qR48e/OI4mE/MxS233OJratq0qVq2bJkDzVRBwqrwdwBkdeKJJ/oWVdxwFy1apFq2bBnXjNfLRODQQw+tNhebbbaZ+u2338rskbclQYCElQQtx20/+ugjdd555yn811b22WcfNXr0aC4RbQFL0M60rOStr732GjFPgGW5TUlY5SKX8X0gKfyaw8IyZeutt1YTJ05UzZs3VzNnzvRITcqpp56qnn766YxHWPe633///dUHH3wQ+ODvv/++ateuXd0DxfETk7AcA26jDiTVpk0b9eWXX1Zrfvzxx6vHHntMgbS0wAEMcpMya9Ys1bFjRxt1bGOBwDPPPKNOO+00v2WjRo3UqlWr/H/TwrIAMYUmJKwUQEy7Czh0sfww5Z577lH9+/cPVDd79mzVqVMn/1qfPn3UmDFj0h5ane0PmxqLFy/2n/+EE05Qzz33nPdvWFawsCjZI0DCyh7jRBpgVcG6MpeCjz76qDr33HMj+2rVqpWC0x2y1VZbBS4nEw2GjT0EQE5Tpkzx0ahfv743F/oHYbfddlNffPEF0XKAAAnLAchJVBxzzDFerJUUxPjIbfSw/q666io1fPhw/zK+ZN27d0+inm0DENhyyy3VL7/84l855ZRT1PLly9U777zjfdagQQO1evVqYucAARKWA5BtVeBL0LZtW/XDDz/4t8APBX+UjcCXdeyxx6q1a9d6zbkstEEtvs1GG21U0ujOO+/05uT555/3Podlu2DBgviO2KLGCJCwagxheh1gtw8OdSnPPvusOumkk6yVDBkyRF177bV+e8QHIU6IUj4CJmHBwT5hwgT1wAMPeJ3Sh1U+tknvJGElRSyj9k8++aTq2bNnSe/lWEjvvfeeOuigg9T69eu9vqqqqtQll1yS0ahrf7fwKe6+++4lDzp37lwvLUenR+Hi33//XfvBqIAnJGFVwCRgCEER1OVulWP7HdvwkPbt26s5c+ZUyFMWbxhBISM//vhjtewDEpabuSVhucE5Usv8+fPVvvvuW9IGgZ8IAC1HHnnkEXXBBRd4t2633Xbq+++/L6cb3vMPAsjfhDWlRe++mj8wJCw3rwsJyw3OkVrMlz+NSHXpd8H2O5aXlOQIIHxh3Lhx/o0I3EX8FZbdejMEQbywuijZI0DCyh7jWA2mUzeNKPWLL77Ydwrjy4UUHkpyBFC254033vBv1PFwiJXTOZ4bb7yx7zNMroF3JEGAhJUErQzaYmv8uOOO83tOw7pCZ2YqCZcs5U2e+WOCAFEEipqWF/EtD9+kd5GwkiKWcnvzxU8rifbjjz9WqNygJa1+U378iu9OEtauu+7q53ea6VMkLDdTScJyg3OoFpAKyAWSdorHgQceqN59912vb/qxyptoSVgHH3ywH8qAnM6RI0f6nZKwysM36V0krKSIpdge+YLbbLON36NNvmAS9Vhq6mjsbt26qWnTpiW5nW3/QUD6sLTDHcDIzyWREbRsESBhZYtvZO+Iape1rLDTJMvG1HRo119/vbrrrru8bhiNXR6aMvEZtfNR/RV+RsyTzh/s169fZPnq8jTzriAESFg5vhfyy4A4rCSVRW2GLStkmstNWHcgM+QdXnnlld5ylFIdgdNPP11NmjSp5AKWg7K+/uTJk72KDpTsESBhZY9xqAb5K21bkSHJcKdOnaqwjAmysGAp6HpOcqmTpP/a3haOdSQ66zQn/byyFhY+S9syru241uT5SFg1Qa8G95o5auWm4UQNwUwr0Y5hM1A1bWd/DWCpiFsxN1iqy1xBObCddtpJffPNN95Hu+yyi1q6dGlFjLsuDIKEldMsm2SSxa806o+jDrm0sB5//HF1zjnnlDx148aNvfpOFOWFLYDQzfLU2BwJimZHYvTnn39O6BwhQMJyBLSpRlZnQIG4n3/+OfWRBFlYQUnWUMxt+X/JSlZ73XnnndWKFSu8eTFruOvJGjp0qELhRIobBEhYbnCupuXCCy9UDz/8sPf5DjvsoL799tvUR2JaWKhGah5WoZVmYeGl/kAZdogNCOyqaoEVio0JWRo5SP1XX32lmjRpkuHI2LVEgISV0/tw5plnekXgIF26dKlWFjmNYaHKgN7NOvnkkxUshlGjRnldY2tel6DBv7PwoaXxDFn3EXRQrT7sY7/99lPz5s0LHQJisYAbxR0CJCx3WJdokoGHWewQQpm04lq0aFFy6ssrr7zilaDRDuOsxpATvFZqEQcHUpcHfgwYMEANGzbMu9/MIzQ7raskbwVuRo1IWBkBG9etDGnI6sWX+W7bbrutWrlypTcsWA6ominjwOpSaAMICkRllqOWpG3WwTLnM60k9bj3hNdLESBh5fBGmCk5ugJA2kORhLX55psr1HeHYDkKp7+8XldCG4KsKmAiz3xEAC/yMP/444/AKUH+58KFC9OeLvZngQAJywKktJuExUelrSfsQFYcnnDRRReVEBZ0F2GnENjhVKH77rtP7bHHHuqss87y8vriBPfBqgrKJpBkhR8ThCqY50Lq/hs2bOgdV8/MgDjEs7lOwsoG18heXRGWWXwOg5JLGXPZE0ZYqCYB62zNmjVW5BD08HhmXQgPycI2JCP7kWlG8nPs7slTgkzdIB7cK1NpdBuUO4bFpdNqENaADICoFKnbbrtN3XjjjZm8NUuWLFEvvviiR8ioEIvy1pRSBEhYObwRSInBFwOSZaY/rAAzClv6y8zkayT3or48jgUDOSG5FyQWVBMecUmXXXaZgt8nSu6++26vYkRQ1DiWVrg/qnY9HOBXX311qIrevXursWPHBl4HzrCqzCBQNEbuJp4f/jwIxoc5CbOsspwr7NbqP/0gBxxwgH9Qaw6vaMWqJGHlMDXSssmKsEw/mWld4d+XXnqpt7QqV7BxgOWlSTggCJCfPhk5qv+jjz5avfDCCyVNQDSIf8KZjCBOKTgF6JNPPvFPYg4KLQhzqut+UF0By2VdGQOk9+CDD8bCgI0KTXCxjS0aIP0Hu7VhWQb4HFkIlP8jQMLK4W2Qlk1WhBV0PJW2rlDUD0SD03XSEFQvgB8IOnFgg7n7FqUDQbMgAmwKoCAe7g2yiBCcOWLECK/YIchGi3l2I5ZzIIKgZR0qhqJ/vRwFBiBHkzCDxptmCZnZs2d7PsRFixaFQoNnjLNe05i7ovVBwsphxiRhZXVARIcOHRQOVdWifVdhviC0A+lsuummCssROJbhc8IBCyj+16xZMy+IEoGnQWSw5557qk8//TQWTZAFovoXL17st0X0PUgraDkGQoMFNGjQII8QzUh9WGLdu3f3+rr99tvV4MGD1a+//lptHIhch2ULqwrLLywzg4gx6AHS+lGBxXTFFVd4waY6xETrAy74Q3hJmlZc7IQUrAEJK4cJ69u3rx9xnsVBp0GnFeNLsv3225fUeW/ZsqVfnhkwJAmvkOVp4iBE3fqjjjrKWyZC5EGvYfeCYGC56S8v/GBI3JbR+ZqEo3YA4ViHFaWtqijCDhoLfF3ov6aFFdEHdEtfXr169VTr1q09y7Jjx45xMPL6PwiQsHJ4DbCrNWTIEE8zjuO6//77vRf5jjvu8CwZpNDgVx0vMV7qpGIebIFKAzfddFPJgaBYciB/UNYlt80nxL1whqP4X5TAWkBiMKxILT169FA4JDaKqNC/DBsANr169arm60FqExzuYWVggCHICmSDigqHH354NatKxqeZY4J1B0uwJmQFq/GGG27w5vivv/7yVGBeMUewHCnJECBhJcMrldYyPgqObxSIgz/FlLZt23ovNnbjbAVfkKZNm/pOadyHuCJYT1r0qdJJj6oCMcA/FLeUgnVkkg7GheVcWMiAXLLJZzWPK8M1BHX+/vvvoX1hWXvdddeV+LrOPvts9cQTT9jC6LWr6VIQZAm85FKX+YeJpqBaYxJWzfAr626ZEtOqVavYqGkQC/xLNr/02PUDCQYJytjglx6R7hDs0CHuR0tU4Ghcqgr6gH9m4MCBJePElxXWJCpFbNiwodqwYG089dRToYGYMkk8Dmws/4CV3AHU99juiCL2CXFQEJBokg0ErQuEjnAKXdEVn6PoH/xmWOZSykeAhFU+dmXfGRTQqTvbZJNNAk8RRm1xXd0hSjEqYKLkiSlYnuHLJ0mvefPmfvG5uNOLg2K6pA4QBU79kQLiwJIzLLapa9euavr06aGPA2sM9alsJMxC0/d+9tlnHpEhJckUJDmDrNEHci4ROwbROZc2+nWboNSfuLEl6b+utyVh5fAGBBEWPsNuHA6EgAQV2otLnZFFAeVjydQT+bk8txCfR/UfRlhBScA2EeM2X2LTAgyaqqDlZ9SUwnn/0ksvqQULFniOeDjVoQdLTJC53EwIIuGwvoPKKpthFDm8arVOJQkrhykNIqygig1bbLGFn7CMYWrfU9CQYcXAWa8TnHUbOLknTpwY+JTmOKJ2CbEkhONeBnKef/75fhFCrcAmYtx2qWX62LQOkAyuYWmddk4flug6Psr2tOwgSzLsRyKH161WqSRh5TCdZlJyWGkXBEVWVVX5I4wKJgxKdI5b5pmEYFPmBsSInDd8sc0dTBs/V5IATCwJ0SfiwUByOlYpyymTNbDi8MD44KuSu5SYS4w5bSLN8pmL1DcJK4fZQjyStHpGjx4d6CjH8gWnN2tBjh92zbB0lIIgTwR7/vnnnyWfQw8c2mFiklzcFzQKKpv4pkovEigJF+ElIOYwaxbllOWPiZlIncNrVSdUkrBymGb4NpYtW+ZphpN93bp1gaPAUVKIWDdzzeTSEL4TEFhQmkccAaVFWNgdxBIoTBAeADKo9AhulKrRBN+gQQP/ZGf5XHgOkLPcSDBzE3N4peqMShKW46kOSi+JCtjEVrgu2auHiioHsL5AVghjkNHfug1IMS5eKg3C6tSpk0JuXJBgFxCBo0lLyTieEl9dz549/V1E+AO//vpr/1rQ8g+JycAQpagpbhAgYbnB2dcStHSaNm1atWWeHJZNKov5GGPGjPFqKkWJSVgIS4Bfy0aigkix04YxIxSjSIKsAx3AqyuwRpVTRkyVTWxckTCo9LGSsBzPUFAgZJyvCWcWIsATJGAjcc523YfpJE9CWKg28NBDD5UMB5YfqjW0a9fOZpgV10aGksAniBQqM1Idlitw00X/Ku4havmASFiOJxhOdCznpMBhi+Vb3K81iODDDz+MHbHtTpxZwC/JVrxJWIhYnzVrVuzYKrmBJCx5aIces03sWCU/X20YGwnL8SyiFAqWgJAdd9zRP0DVZgcNyzCke8AZj0oLqAQaVIDPtuqCrHyK8cQ56SVUGAui1OHsP+ywwxSOxyq6hJ2KzQDQyplZEpbjuZBfCvhAZK1xW6LBkOVhCVi+oCgfxDYoE21rQliOYctcXdjhE7SqMoc+kQISViK4at5YRlLD6Q2Sgt8HYmNl6RHoBGr8+qMa59tvv+1dmjx5srV/xdyxTGJh1RyJyukhKFQBZWcQ4kBfVeXME0ZCwnI8Hyj1osMNQBDwW+kEX+xMofJmnC9LWkYgKH2gBR4lLt9QPq5JWEksPMewZaIOz4+wC6TgmII8y7BwjUwGw06tECBhWcGUXiO5JNSpNjKnL87xjaULCA6kp9NAQIIQ5NhFHVFlPoVJWEnILj1E3PcUVP4Fo0D5HZ0r2aVLFzVjxgz3g6PGSARIWI5fEBnrg2qZqDopLSZYV7C8wqLCdeyU3llE1Dv6hCTdqZOEhf6ijrhyDFMm6vB8KHcjD7HQio488kiFQFfkBkKijg/LZHDs1AoBEpYVTOk1whdCO9qxY4hDFCDSygJZ6eWi1CxrtWtLDLFQCDGAILVk/Pjx1oOVhFXT6prWSnNqGFVFQmMpf0xYGTSniYpRS8JyPC8y8blFixbeGXsQkBGICoeXQo444gj18ssvl4xOV1cwl34oOIc0EpR/ifN/yQ7rCmEFVbIADuYBFXK5TsJy/MWwVEfCsgQqrWayPDJOkpElis0wA1lORlpXae3mScJKskOZFhZZ9xNVR948+RljkRYWgnSDnPFZj5n9RyNAwnL8hsilX9AybOjQoeqaa67xRtWwYUO1atUq7/+1dZXm0q02ExY2H7B7GpQAHlQuGhjLuu9IM1q4cKHjt4Pq4hAgYcUhlPJ1SVg6wdZUgaThSZMmeR/DykLwot4JTMu6Qt/z58/3dhYhSMrGkrI2CBKY9UaE+TxRaUtTp071DmxFuWSUfubJy5X3NpCwHM+JWZY4qLQMzsLDGXorVqzwRgdnOuq1Jw1biHs0aWHFVYyI66tSrgeV78HYTH9VpYyX40iGAAkrGV41bm2WJQ6rkCDL0OiTdJJUU7AZqPxyI2C10gvsxT2T6QPU7eWBqnF98HplI0DCcjw/ZoWEqKOkZH3xRo0aqZUrV6Y6WjkW21OfUx1Aip2FWVYo54PaYEl2T1McFrtKGQESVsqAxnWHnSscHS8lLCXGJLc5c+ao9u3bx6mwvi63+4sc5W7iBABYYcH6NShUQxJWDtMlQxugPiwdx4wfSjs2SEbNFzXKPYiswnYBc5hqqkwZARJWyoDadGd+yYJCFcJOPY46m9BGt2yjiTPNUImkY6hJe5PQ4VhHFoFtmeea6Oa9+SBAwsoBdxkEqtXPmzdPtW7d2h8NfFv4DGTStm1b/1SavfbaS2EXMQ3RO5ZFJCxz8wJLQDjdi75xkMa81uY+SFg5zS6qjX733Xe+dlnXXVpgiLuCIG1EC46zHz58eI1Hro+fT1L0r8ZKU+hgwoQJCs50LdwFTAHUgnRBwsppovr27atGjRpVol1XaUCQKHxKMsjRPG0njQBSvQtZtLQcmfAN6/PVV1/lLmBO77FrtSQs14j/pw+EhOXL0qVL/RFgiQZrAeQUdDCFDHNAJDb8WeWKXJamHd9V7piS3FduwncSHWxbeQiQsHKcE/OYLTmUIKvHPGF58ODBft5h0seQcUtpWGtJ9bM9ESgHARJWOaildA+sLPiRdEkZ3S2OSYflFRTsiM90+2bNmqklS5aUNZraFDRaFgC8qZAIkLBynragWk2o0gAiCiKszp07q5kzZ/qjLnc5p/XaHGmfM0RUTwR8BEhYFfAy6N06ORT4t3DABK5JwVIOgZE4DRoSVvEh7rGKHNIQ92y8XnsRIGFVwNwiSLRDhw5q/fr1JaOBhQXSArlIwfHpWNJpKccHpZeWRdshrIDp4hByRICElSP4WnVQfqEcFpzzCHHQIo8Kw2dJCUvuECY5x7ACoOIQ6jgCJKwKeAGkAxwOd73ck0PD54g5whFfyD2UglOfYaHZitwhLHqVBttnZrvagQAJqwLmUef0wTcFZzjSTpCWYyvLly9XjRs3tm3u6UCsFx3u1pCxYYUgQMLKeSLkclDv+OEzkJY+AixqiGiH+5KIJsiocsFJ+mNbIuAKARKWK6RD9MjgUXN5Bkvorrvu8pzxZr2qJk2aqKqqKtWtW7fET1CvXj21bt06NWzYMDVgwIDE9/MGIpAXAiSsvJD/T6+uyoDlIKoNBAmI7K233vLOMMTx6TqFx9w9tHkU6XA3K0TY3M82RCBPBEhYOaIva1652q3TFl1dOJo+x6ml6owQIGFlBKxNt/3791cjR470Ep1dVfzM4nxDm2dlGyKQBgIkrDRQLLOP+vXrq7Vr15aUkSmzK+vb9BKUAaPWkLFhBSFAwsppMqQvafr06apr166Zj0TuSCYNNs18cFRABCwQIGFZgJRFkzzOBGTAaBYzyT5dIkDCcom20CUP/XR1xJYOGE37BOmcIKTaOogACSunSdfkgSRkhC24EB0wWrQa7i6woY5iIEDCymme8tit0xUayq2hlRNUVEsEfARIWDm9DLoelStrRzr5w06azgkKqiUC1giQsKyhSreh6xNrdEUIlzFf6SLG3oiAUiSsHN4CGeHuKrxAL0GjUoBygIIqiUAiBEhYieBKp7HcIXS1PNNlmFFLCxH2FCJQRARIWDnMmjx4wkVIA/1XOUwyVWaCAAkrE1ijO3VNWDrhmQX7cphsqkwVARJWqnDadeY6gJMF++zmha0qHwESVg5zpAkLx9IjXSZr0TuSrkrYZP087L/uIkDCymHuXUa5awc/wxlymGiqTB0BElbqkMZ36NKHpWtuMZwhfl7YovIRIGHlMEeyjnvWu4S65taYMWNUnz59cnhaqiQC6SFAwkoPS+ueXJaWwXmGa9asUW+++abq3Lmz9RjZkAhUIgIkrBxmxWWku054dhVRnwOcVFmHECBh5TDZ8qTnuXPnKpQtzkpIWFkhy37zQICElQPqOi4KpzXj1OYsRafk0MLKEmX27QoBEpYrpP/TI+uquygtQwvL8QRTXaYIkLAyhbd653I56KKQng4apYXleKKpLhMESFiZwBreqS7zghYuKjVowsraV+YYRqqrowiQsBxPvF6iuUhE5ik5jieX6jJHgISVOcT/VyDDGVzkEbLKqMPJpSonCJCwnMD8rxIZ4e7i5GVWGXU4uVTlBAESlhOY/1UicwizJiwU7WvTpo3CrqQL575DGKmqDiNAwnI4+dLhnjVh6VgvVGkAecF3RiECRUeAhOVwBnXlBKjs16+ft0TMQmToRNbEmMX42ScRCEOAhOXw3ZA+LFg8CGtI2/KRS0EeSe9wcqnKCQIkLCcw/6tEHgaBf2dxgo1cCmJXEqk5FCJQWxAgYTmeSX3iM9Qi6RkBnWmJjLuioz0tVNlPJSFAwnI8G5JUoDrNaHdNhi5ivBzDRnVEwEOAhJXDi6Cj3aE6LUtIBqXysIkcJpUqnSBAwnICc6kSuSxMaxdP70C6SPnJATKqJAK0sPJ6B2Q8FsgLlRTKFVhWI0eOVOPHj1cbNmxQAwcOVIMGDSq3O95HBCoaAVpYOUyPjHiHeuzkgcRQH8tmVw/R61OmTPHiuEBYUubNm6dat26dw1NRJRHIHgESVvYYV9Mg47HMi7C4sLzDsVymICwC1hQCQ0FaWhBvBcLDX9pxXTnAQ5VEIBQBElYOLwfIZsSIEaqqqkqtXLkycASwtGCJgbhgRY0bN84jKimwyEBSIDkKEagLCJCwcp5lkBdOZ0a4A/67evXqyBEhNxAWGP5oTeU8eVTvHAESlnPIoxWCtPAHi0oKdv9gcSGSnURVYZPG4ThD4H8D/9ogfro1uwAAAABJRU5ErkJggg==
67	2019-09-16	\N	201625836	MUHAMAD SYAMIRUL AMRI BIN MAT ISA	0134620224	syamirulamr07@gmail.com	\N	\N	\N	\N	\N	\N	\N	0.00	pending	2019-12-09	3NXt1DvEswC	\N	3	50.00	\N	INTERN	IT	22556245	192.0.0.2	Yes	ISD	data:image/png;base64,iVBORw0KGgoAAAANSUhEUgAAASwAAACWCAYAAABkW7XSAAARuklEQVR4Xu2dW6hWRRvHR7AoJUzowpvMSrrRKNk3FZp1ISEIZqFkB0o6KBaU6FWYHQyC7CSxjaQ0k8oSshLssoQipKOQUub2BB3UKIO6sJv9ff/1fWsze+219l6z3llrzbzvb2CT2MysZ37P7L8zz5zGDf43GRIEIACBCAiMQ7Ai8BImQgACCQEEi44AAQhEQwDBisZVGAoBCCBY9AEIQCAaAghWNK7CUAhAAMGiD0AAAtEQQLCicRWGQgACCBZ9AAIQiIYAghWNqzAUAhBAsOgDEIBANAQQrGhchaEQgACCRR+AAASiIYBgReMqDIUABBAs+gAEIBANAQQrGldhKAQggGDRByAAgWgIIFjRuApDIQABBIs+AAEIREMAwYrGVRgKAQggWPQBCEAgGgIIVjSuwlAIQADBog9AAALREECwonEVhkIAAggWfQACEIiGAIIVjaswFAIQQLDoAxCAQDQEEKxoXIWhEIAAgkUfgAAEoiGAYEXjKgyFAAQQLPoABCAQDQEEKxpXYSgEIIBg0QcgAIFoCCBY0bgKQyEAAQSLPgABCERDAMGKxlUYCgEIIFj0AQhAIBoCCFY0rsJQCEAAwaIPQAAC0RBAsKJxFYZCAAIIFn0AAhCIhgCCFY2rMBQCEECwOuwDZ86cMY899pgZP368efjhh820adM6rJHiEIBAEQEEq4O+cfDgQbNy5Uqzd+/eoVpuvvnmRLhuuOGGDmqmKAQgkEcAwarYLz799FNz4403FpaWYD3yyCNm4cKFFb9AMQhAIEsAwarYJ5YtW2beeOONodLnnnuu+ffff0fUpiniE088Ye6+++6KX6IYBCCQEkCwKvaFa665xuzbt8/09fWZHTt2mIsuusi89NJLyc9ff/01otarr77a7Nq1qytjXGrz77//bp5++umKNCkGgXIEEKxynEbkmjJlijl58qRZtWqVeeGFF4b+v4LwGnnpl/j48ePDyl144YWJaHVLfOvJJ580mzZtMqdOnUraeeedd5rt27dXJEoxCIxNAMEam9GIHAMDA2b69OnJ3/f39yeB97wk0dJ0MDvi2rp1q7nnnnsqfLn9Im+99Zb58MMPzZEjR8zXX389zCBNk7ds2dK+kVjQtQQQrAquffvtt80dd9yRlFy/fr1Zu3ZtYS3Hjh0zWjncv3//sDwxitby5cvN5s2bR7T1lltuMTNnzjQacZEgUCcBBKsCXY2a0l/OTz75ZMwpnqaJmgbGLFpFq6Ji8fjjj1egSBEIuBNAsNyZJdO5bdu2JSW//fZbo4D6WClPtBTT0khLI7DQk0ZQBw4cGGamRFiCTYJAUwQQrAqk9YuabhYdHBwsXUPRSGv37t1mwYIFpetpOuOSJUvMzp07h3126tSpIxYVmraL7/UeAQSrgs81MlIg/aqrrjLfffedUw1FolV2pOb0MQ+ZteKpYHo2bdiwwaxZs8bDF6gCAuUJIFjlWSU5FUS/9NJLkz/PnTvXKLbjmiRaF198sfn777+HimqDqURLYhhSUlvVZjtlt3KEZC+2dDcBBMvRv3bwWWcGtXWhStLIbNasWcOKKhYm0QolvfPOO+b2228fZs7ixYvNe++9F4qJ2NFjBBAsR4d/8MEHZtGiRUkprY5plaxqsutK61BAX4H4tlOebRIr7Tnrlo2vbTPm++4EECxHZhpRaUrkQ7BUh71FIhTRyotbnX/++WbPnj2IlWN/IbtfAgiWI09bYDodYaWftlcd07978cUXk9semk5FQfYy+82atpXv9R4BBMvR5/YIy5eoFK0c6txhk3u08sRq0qRJycJCmb1mjijJDgFnAgiWIzKfMSz70xItrRTa5w61YqiRTRNikSdWl1xyiVF7m/i+oxvI3qMEECxHx/taJcz7rFYONT20RauJlcO8ADsjK8eOQfZGCCBYjphfe+01c//99yelli5danQQ2mfKEy1fU888O/NGVtoQq79nZOXTs9TlgwCC5UixrimhbUZ2j5amhtqf5fuBC+2x0l4rO2kzrNoY2gZWRzeRvUsJIFiOjrVHJL5WCcuMfHTFsn0ls6PZI7Lbiwfp/+xkI2yn9lAeAmUIIFhlKFl57G0Ndf+CZ/do+TpvmI1ZTZ482bz//vvssXLsC2RvngCC5cjcFhHfo548UxRHSu/R8nGdixYNtFNfq5JKilfp75gCOnYEsrdCAMFyxG4Llp7w0milzpQNwneygTMrVloJVP2+Y2N18qDu3iaAYDn6v8kpYWqaHTfTaz1ffPGFo9UmiX9lr4nxNcV0NoYCEKhIAMFyBKfjMhs3bkxK1R3Dsk2zj++4jrLsG1JVJ3usHJ1O9mAIIFiOrtBRGb0ao9REDCs1TzEnPS129uzZZH+URKtM3CkrVuxed3Q42YMigGA5usMWgCYFS2ba07oyo7vbbrvNvPvuu0MtJMDu6GyyB0cAwXJ0SZuCJVPLTA01GlO8yl4QaGKBwBEl2SHgTADBckRmx7CaHmHJVHvVMG9qmF0JVJnrr78+mcaWmUI64iA7BBolgGA54rZXCave6e74yRHZ81Yq80ZVKqjd+BJZxKpT6pQPgQCC5eiFFStWmFdffTUp1dfXZ7766ivHGvxkt6eGOhyth13TzaD6AsF1P5ypJSwCCJajP2bPnm0+//zzpNTll19uDh8+7FiDn+z26z3ZGjVV1VlBRlV+WFNLOAQQLEdfXHnlleb7779PSpVZqXOsvnR2xapuvfVW88cffwyV0f4qrSQ2eUtpaYPJCAEPBBAsR4jjxo0bKlHnbQ1FZinorkcw8t5D7O/vT161IUGgWwkgWA6ezU7DmhSszz77zKxbty7ZMGonPciqUdY///yTTAGbulLZARtZIeCNAILlgNK+HlnFmhAsBdIVUM8+2KqgulYLtS/Mvi6miSuVHZCRFQJeCSBYDjglHro7Kk11b2uQEGkDqL36N2PGDLNmzZpEqOxk7w9rQkgdsJEVAt4IIFiOKO0YVl2CpZGcRlV2nErHajSiGi2gbm914CYGR8eSPQoCCJajmxQnsl+1GRwcdKyhOLtiZAqoZ+/YKrv5U+U1JZR9LgekvTWAiiBQMwEEyxGwfQOoivoQLAmNRlTZO9s1glPsyuX1miYeyXBERnYIeCOAYDminDNnjtGKXZo6Eay8qZ/qlVBp+qcpXpVkH9B2vTuryvcoA4GmCCBYjqSvu+66oRs/J0yYkGwncEkKoOsgsgRJIys7dSpUaV36hkZlx48fT/6reBYJAt1AAMFy9KJ98NjlaI7EQ9M7TfvsVT/tTlcgXfX6vFvdftuwzodYHfGRHQIdEUCwHPENDAyY6dOnD5Xas2ePmT9/fmEtGkVt27bNbNiwYdhoLN1HJbGq68xfutVh/Pjx5ssvv3SKhTliITsEGiGAYFXAvGTJErNz586hkrrZU7c42EmjKAXAs4H0efPmmUcffbRyfMrFXNmgfVu//PJLMnrT1LAucXSxi7wQqEoAwapA7uDBg+bBBx/MPc9XVJ1uUPA97Stjur3VQUH8Xbt2IVplwJEnSAIIVgdu0VYEiVBR0rRPK3b68RmfcjXZPlKkKahEiwSBGAkgWB16TWJw6NAhc8UVVwyrSVMvl/1THZoxZnH7AQuO7oyJiwyBEkCwAnVMHWbZ5w05ulMHYeqsmwCCVTfhwOpPd+prBHj06FHiWYH5B3NGJ4Bg9VgPyQbhs/dr9RgOmhsZAQQrMof5MNc+b9jmNc8+2kIdvUUAweotfw+11t6xr1VD7oHv0Y4QWbMRrMgc5tNcO56lIHybWy98tou63Alok7GuNtJqcsiryAiWu2+7pgTxrK5xZUcN0eqxjo+lZ1x1WaTOooaYEKwQvdKgTfamUm1w3bp1a4Nf51NtEtBoSpuf7VtDQn8qDsFqs8cE8m3dIqHpgBI3OwTilBrNKLqHbeHChcmUMOTzpghWjR0jpqrtS/92795tFixYEJP52FqCQNHNthpVaeW46oWRJT7tLQuC5Q1l3BUpfiHR0uWCSn/++WfQ/9LGTbtZ64ueipMVZd8LaNbi4q8hWKF4IgA71LG1UqhHLHS7RPZqnABMxAQHAvLnxo0bk4sj7UsjVYUC6/r7GEZVdpMRLIcO0AtZ7UPSnDeM1+Pyo+KSWaHS9E978LQyGGNCsGL0Ws02p+8bch98zaBrqF6xKAlV9r0AfUqjZo2qQg6qj4UEwRqLUA/+f3urA6uGcXQA7ZuSUNmP76aWV3kuLtRWI1iheqZlu9KraPSvMbvgW3bGKJ9P41R5F0nqAkmNqLrp2BWCFW5fbNWy7FNhutUh5qlEqzBr+rimf8uWLcuNU+kfHP10m88QrJo6UzdUa08NudUhHI8WbfyUhdr8qVFVt54LRbDC6YdBWmLfUsqtDu26aLTpX6zbFFyJIliuxHowP7c6tO90jaoUVM87lNxLCyMIVvt9MXgL7FsdYtrqoF9yvbitOI5+tFoWW/rmm2/MvffemytUbT0d1yZDBKtN+hF9O4ZbHZ577jlz4MCB5Je76HoUCa4es3322WeDpq+Herdv3250rjObNP3TqmA3rf6VdQaCVZYU+ZJVJx31UNKqYSjHOrSr+6mnnkoe1XBJsv+uu+4yerl7woQJLkVryzuaUOmjsZ398w0KwfJNtIvrU9BXv+T79+9Pplhtv7oz2mqZ3KCRSLqsr2mtpodFSSMWiUFbad++feb55583Eqy8NHPmzGTEFdJbl22wQrDaoB7xNzXVmjVrVtKCFStWmFdeeaXx1mhEpZFe3rRPcSqJj36xs3uQJFoqq9s1846uXHbZZeb1119vdOT48ssvm/7+fvPjjz/mcnzggQfM0qVLG7WpcYc6fBDBcoBF1v8RsB+waOqAtMRJQiPByR7olU3a1a2NlGVHIBqd7d27N2mLnbR/SdfsNDHa0m2feTvUZY9GsqtXr04WCi644AK63v8JIFh0BWcCEgyNRnRnVp2rhqlISYjyRkQyvNPbByRcDz30UBKst9OMGTMS0Vq8eLEznzIFisTq2muvNTfddFMjglnGztDyIFiheSQSe+xVQ61WaVOpjyRhSkdSRSKVCpXP4yeadu3YsWNEEzTi0rTN1w2sEirFqbICqQ9zp/7YPQjBGpsROQoI2KuG+rM2MFZNRdf3ZutTIF3fkkj6PicnEd60adOIwLdES49zdLoqqnN/eZciajQnke7r66uKr2fKIVg942r/DdXUUMKhWJCS/qxfbBchsd/DK7JQ8SnVrRFI2RhVJ63VCEhnJ3/99ddh1Wh6mP641K+9VPfdd585derUsGKTJ09OvtNEvMzF3pDzIlgheycC2zQykphoq4OSxEojIP0ijiVc9ms9eU3VQV7V1enIpgrG0bZMnHfeeckKqexSUDyvneKin59++slopS+bJHwrV65spW1VeIRSBsEKxRMR25EdaakpU6ZMMcuXL89dBdN+orVr15oTJ07ktjqkIydF0zjbcE0Z09sRTp8+bX7++efclcy0TNt7viLuagbBitl7gdmu+IxGRHrEwk4aiSioPTAwYD766CPzww8/BC9UtoEabUlkt2zZ0jHxkE4IdNyYFipAsFqA3s2f1GhL08E333yzdDNjucJ38+bNSbzpt99+K922NCNTQGdkuQUQLD8cqSVDQKMSrXydPHnSfPzxxyP4aDPkxIkTzTPPPJME02NKEmW1T/vDtFcsjd+lbTjnnHOSs4k6EaCRZV4MK6b2hmQrghWSN7rUFv1yHzp0KGmdVt60p4kl/C51ds3NQrBqBkz1EICAPwIIlj+W1AQBCNRMAMGqGTDVQwAC/gggWP5YUhMEIFAzAQSrZsBUDwEI+COAYPljSU0QgEDNBBCsmgFTPQQg4I8AguWPJTVBAAI1E0CwagZM9RCAgD8CCJY/ltQEAQjUTADBqhkw1UMAAv4IIFj+WFITBCBQMwEEq2bAVA8BCPgjgGD5Y0lNEIBAzQQQrJoBUz0EIOCPAILljyU1QQACNRNAsGoGTPUQgIA/AgiWP5bUBAEI1EwAwaoZMNVDAAL+CCBY/lhSEwQgUDMBBKtmwFQPAQj4I/AfI/8BxvDMVLcAAAAASUVORK5CYII=
80	2019-09-16	\N	970303104	MUHAMAD SYAMIRUL AMRI BIN MAT ISA	0134620224	syamirulamr07@gmail.com	\N	\N	\N	\N	\N	\N	\N	\N	pending	2019-09-18	LgF9r8hsmBF	\N	3	50.00	\N	INTERN	IT	120301122	192.0.0.2	Yes	ISD	data:image/png;base64,iVBORw0KGgoAAAANSUhEUgAAASwAAACWCAYAAABkW7XSAAARGElEQVR4Xu2da6hVRRvHn/OhIqGMosgMupAVebqYFZh0McJKDQvSD0lZKSl2L0u7F4EVZmVpkNBFCyKL7GJaZFR+8FOQghbdMCuyTCpPZUTBed//et+1WWedtc9Ze++Zvdbs9Rs4HN/3rP3MM7+Z/e+ZmWfNdPX+txgFAhCAQAAEuhCsAHoJFyEAgYgAgsVAgAAEgiGAYAXTVTgKAQggWIwBCEAgGAIIVjBdhaMQgACCxRiAAASCIYBgBdNVOAoBCCBYjAEIQCAYAghWMF2FoxCAAILFGIAABIIhgGAF01U4CgEIIFiMAQhAIBgCCFYwXYWjEIAAgsUYgAAEgiGAYAXTVTgKAQggWIwBCEAgGAIIVjBdhaMQgACCxRiAAASCIYBgBdNVOAoBCCBYjAEIQCAYAghWMF2FoxCAAILFGIAABIIhgGAF01U4CgEIIFiMAQhAIBgCCFYwXYWjEIAAgsUYgAAEgiGAYAXTVTgKAQggWIwBCEAgGAIIVjBdhaMQgACCxRiAAASCIYBgBdNVOAoBCCBYjAEIQCAYAghWMF2FoxCAAILFGIAABIIhgGAF01U4CgEIIFiMAQhAIBgCCFYwXYWjEIAAgsUYaCuBDz/80LZt22bffPNNVO9JJ51kkydPbqsPVBYuAQQr3L4LwnOJ09y5c23nzp0mscoq++23n1100UU2ffp0O/vss4NoF04WQwDBKoZ7x9eqCOr++++3lStX2u7du3O3d+jQofb8889HAkZpnMDs2bPt33//te7ubrvxxhsbN1DyTyBYJe+g0NyLhUqiky4SI00B4yhKzy5fvjyziY8//rjdcMMNoTW/EH8VuX700Uf23HPPRdNtlUsuucReeeWVQvzxWSmC5ZNuhWz/9ttvdtNNN0XRUboMHz7cli1bZhMmTOj3N4mWIoE33nij398UZelLqCkjpT+BtWvXRhHsa6+9Zj09PX0euPLKK+3ZZ5/tOGwIVsd1afsbJLE64ogjTL+TRRHVfffdl2tqsmbNGps5c6Zt3769jw2J1apVq1jb+j+VP/74wyZOnGjr16/P7OgzzzzTRo8ebY8++mj7B0IbakSw2gC5k6uQSI0aNaq266e2SqgUNemnkehItjRd3LRpUz9kirSuuOKKTkY5YNs07XvzzTftsccey3xuzJgxUYQ7ZcqUjmaEYHV09/pvnNakkgJz2GGH2euvvx6tVTVbJHSLFy9GtP5PQGtR2sDYsmVLJlIJuQS9CgXBqkIve2pjWlhOPPHEKHWhkaiqnmuyoy9ivIgcP7d161Y7/PDDPbWoXGYVcWrX7+WXX67rmNavLr744nI57tEbBMsj3E42rV08TUHioshKIuNSTPSF1cK7dsDiosjtk08+6WS0tbaNHTvWNmzYkNlWTZ1vueUWmzRpUiVYxI1EsCrV3W4aqynK1KlT+xiTiLQyDRzIM305k6KlRfhOztPS9E+Ms6aAWqOaM2dOZTchECw33+HKWMkSqwceeMDuuusubwzSi/EHHnig7dixw1t9RRn+5ZdfoilgVv6UIletU1X9TQAEq6jRGWC9q1evtgsvvLCP50uXLo3+i++7KF/r2GOPtb///juqqtMWmjWdvvbaazOjqnvvvTdKD6GYIViMgtwEbr755j7b6voS6cvUrjJ//nx7+OGHa9Vp0b/eNn+7fGq1HkWPyqvKWqtSNPXBBx+0WkVHfR7B6qju9NcYRQDjxo2rVXDuuefae++956/COpbTO5MhRx/auNB6VTrhduTIkXb99dfb1Vdf3Xa+Za8QwSp7D5XEv3R0pVdCikpS1IJ78lWe0JJK9fqShCo+Yifu4r333tvmzZvX1qi1JMMrtxsIVm5U1X6wq6urBkBCJcEqsqQTVjV1KvuCdD2hEsfTTjvNnnzyyeg3pT4BBIvRMSiBJUuW2HXXXVd77q233io8/0fTKO2c7dq1K/JLyapKrXCZBzYomJwPPPXUU7Zw4cJ+EZU+rteYNDWs8mtHOTFGjyFYjdCq6LPKuUputff29paCxMaNG6OoKhYtRV2KtFxk2rfawPjoHIm9Di9Ml2bft2zVr9A/j2CF3oOe/f/qq69sxIgRtVq0EPz00097rjW/eYmWXr6Oi87QUsRSVNG0T+trep8yq+iNAO2uah2uDMJaFKdm60WwmiVXkc9pcTiZA9TuVIY8mCUSOv8pLu1ehNf0VCIlNumF9NgnvWcpIS37Olse3kU+g2AVST+AutOCVdbFba0BxaeXKnLRS9K+IxgJlU6VkBClUxPUtYqmlIYh33z7EsBQcuIiguUEY+caSQvWxx9/HB0QV7aSfn3HZ9JlfAy0pn1ZQqVbgCRURFPuRwmC5Z5pR1l88cUX7bLLLqu1qcj8q8HASki08B4vwrtez1JWvY4d3rx5cz9XtIiuSEpCVcadysHYhfJ3BCuUnirIT13RtWjRolrtZc8sTy/CuzhFQlGU1siyFtK1NiWRYhG9PQMUwWoP52BrueOOO+zBBx+s+V/GRfc03Ntvv90eeuih6P9uJdVBQqUpcXrXUadFXHrppVFE5etInWAHjGfHESzPgEM3n17DCuWUhOTrO41GhYqktOuXvgFI074FCxa05XSK0MeNL/8RLF9kO8Ru1vlXZUkcHQhxOhM+z+6mIint+mWlJkj0Gr1Uo0OGQKmagWCVqjvK6YwSR5VAGhctxE+bNq2czia8Sp4woYVwrWel0wv0jKKpFStWmA7QSxalJSii1A8L6eXobgSrHP1Qai90BpXOoorLwQcf3O/+wLI2IJmfpWmijleOp3z10hLibHTe7ytfryJY5euT0nmUNS1UZHLWWWeVzte0Q5oannDCCfbdd99Ff9IRLn/99Vem34cccojNmjXL7rnnntK3q6oOIlhV7fkG252+waUMR8zUa4JESnclKoKSsCrVoV6R6Cry0g/TvgYHRQGPI1gFQA+xyq+//tqOOuqoPq6X5QYXLZIvW7YsusPw008/HVCg1IAhQ4ZEx70oNYFXZsIajQhWWP1VqLfpFAc5o5yka665xmbMmGGHHnpoW/xT1KQISr/1k/V6TNIRJXfqNZl169bVLnlwnQXfloZTCedhMQYaI5A+Gyv5aWWDa8E6XtvSXYLff/+9nXrqqbXHtm/fHv172LBh9tlnn0URTvz8PvvsE/3t999/t59//tl2794dpRhoSidR0r/rnYYQVyBbmtrpRyKlxM44ikq/upMn1aExOjztmwARlm/CHWg/K9IqopkSRwmS1p/0O0/Wuda14qvdq3SLdBH946NOBMsH1YrY7O7ujnbfenp6vLc4FqdYmPS72UXy5M07jWbBe28oFQxIAMFigLRMQOtImv4lr1fXdExHA+vi09NPP9322msv++KLL6I1J/3t6KOPtvXr10dpBnrlReX444+3Aw44IPq3Pjd+/Pja9K5lJxMGNL2U4GmRXtNFTQ3zRGcufcBWcwQQrOa48anACSSz4LX7+eWXXwbeomq4j2BVo59pZQaBZBY8u4ZhDBEEK4x+wksPBNKnlOqAPq1vUcpLAMEqb9/gWRsIKNVBa2paz1JxceBfG9yubBUIVmW7nobHBJLrWe26wAL6zRFAsJrjxqc6jIBOUlV+mUp8qkOHNbEjmoNgdUQ30ggXBDQ1VHqGSrvvNnThfxVsIFhV6GXamItA8tUdTQ21ntVscmquCnmoYQIIVsPI+EAnE0i+usPUsHw9jWCVr0/wqGACTA0L7oABqkewyts3eFYQAaaGBYHPUS2ClQMSj1SPgK740nE5KpzqUJ7+R7DK0xd4UjICyVd3rrrqKnvmmWdK5mH13EGwqtfntDgnAb26c+SRR9qvv/4afWLr1q3sGuZk5+sxBMsXWex2BIE1a9bYxIkTo7ZMnz69323QHdHIgBqBYAXUWbhaDIHkriFRVjF9ENeKYBXLn9oDIJB815DcrGI7DMEqlj+1B0IgGWVxeUVxnYZgFceemgMikIyySHMoruMQrOLYU3NgBJJpDmV5OVoX3OoiEBWdmR9fo6b/fdxxx9mIESNs165dfUjH16oFhj9yF8EKsdfwuRAC6Qz4ON2hnc7oZustW7ZEN1zrtusffvihqeoVJWqaq8tvTz75ZBs3blxTdpr50EsvvWSvvvpqdJP4nXfeafvuu29uMwhWblQ8CAGz5LlZ7Yqy1q5daytXrvSaUnHKKafYI488UrvU1ldf68wxvUUQX4j7zjvv2HnnnZe7OgQrNyoehIBFN1DryBlNs/RbaQ6tFtnctGlTdAVa/BPb3GOPPeyff/6pW0VXV5f19vba6NGj7dtvv7WRI0dGz+qatM2bN0e3aDdSFHXNmTPHzj//fItv4m7k8wM9m3UBL4Llii52IFCHQHIt6+2337YJEyY0zGr58uU2f/58+/HHHxv+rD4gYZoyZUqUzNrImV2KbCSKOkZn3bp19ueff2bWL9sLFiyIpm0uSpZYiePixYuZEroAjA0I1COwceNGGzVqVPTnc845x95///3csBTx6LZp3dCTt+y55542a9as6CVsvSqkKMhVWbFihak9Wf5IFBWltVqyxEqCqEiu0bYwJWy1N/h8JQkcc8wx0a6cBEQ7dYMV3Yq9atUq04LzQGXy5MmRMMVfZE35dCP2/vvvP1gVLf199erVJvGSn+midTuJbDMlKe7x55sVK30ewWqmF/hM5QnMnTvXFi1aFHEYLJH08ssvtxdeeCGTmYRJl7jqSOZGow3XnaDoT2tKt912W21RXHUcdNBB9tNPPzVcXTJ3zYVYIVgNdwEfgMD/CCTPy5LQSLTSRV9YrVXp2ayiNRztNJaxKLJLFkVF2qnMWxSpTZ06tc/j2olcuHBhS8JMhJW3B3gOAikCyl2SKMVRyN13323d3d3RF1JTrBkzZtiOHTv6cdOXX1HXpEmTSsu0XnQ0b968aEdyoJK1ZjVkyJAof6yRDYKsOhCs0g4ZHAuBQDoSGcjnMWPGROtErnbefPPRiatZ0eG0adPsiSeeyFxXu+CCC6JpZbpogX3p0qUtu4xgtYwQA1UmkBWJZPHQazLvvvtulFkeUqknWsOHDzet48UbBOKgqDF+TSg9nWxmR5AIK6SRgq/BENAUSLt/n3/+eT+fzzjjDJs5c2b0ZQ61qH1LliyxnTt3NtwE1+t0RFgNdwEfgEB9Aoo09J7f0KFDbezYsS2v2ZSJddba1ED+tZIOUc8uglWmEYEvECg5Ae3+KWLs6emp66ly02bPnm233nqr89YgWM6RYhACnU1ACbMbNmywbdu2Rbuket1n2LBh0UvM48ePN20u+CoIli+y2IUABJwTQLCcI8UgBCDgiwCC5YssdiEAAecEECznSDEIAQj4IoBg+SKLXQhAwDkBBMs5UgxCAAK+CCBYvshiFwIQcE4AwXKOFIMQgIAvAgiWL7LYhQAEnBNAsJwjxSAEIOCLAILliyx2IQAB5wQQLOdIMQgBCPgigGD5IotdCEDAOQEEyzlSDEIAAr4IIFi+yGIXAhBwTgDBco4UgxCAgC8CCJYvstiFAAScE0CwnCPFIAQg4IsAguWLLHYhAAHnBBAs50gxCAEI+CKAYPkii10IQMA5AQTLOVIMQgACvgggWL7IYhcCEHBOAMFyjhSDEICALwIIli+y2IUABJwTQLCcI8UgBCDgiwCC5YssdiEAAecEECznSDEIAQj4IoBg+SKLXQhAwDkBBMs5UgxCAAK+CCBYvshiFwIQcE4AwXKOFIMQgIAvAgiWL7LYhQAEnBNAsJwjxSAEIOCLAILliyx2IQAB5wQQLOdIMQgBCPgigGD5IotdCEDAOQEEyzlSDEIAAr4IIFi+yGIXAhBwTuA/fE7JqPQ261cAAAAASUVORK5CYII=
73	2019-09-16	\N	23213	AHMAD DUSUKI	01293818	syamirulamr07@gmail.com	\N	\N	\N	\N	\N	\N	\N	\N	pending	2019-09-17	i11VIU17ch2	\N	3	50.00	\N	INTERN	IT	120301	192.0.0.2	Yes	ISD	
75	2019-09-16	\N	23213	AHMAD DUSUKI	01293818	syamirulamr07@gmail.com	\N	\N	\N	\N	\N	\N	\N	\N	pending	2019-09-17	qFEjTe3Yvox	\N	3	50.00	\N	INTERN	IT	120301	192.0.0.2	Yes	ISD	
76	2019-09-16	\N	970303104	MUHAMAD SYAMIRUL AMRI BIN MAT ISA	0134620224	syamirulamr07@gmail.com	\N	\N	\N	\N	\N	\N	\N	\N	pending	2019-09-18	FsxuNhYuCA1	\N	3	50.00	\N	INTERN	IT	120301122	192.0.0.2	Yes	ISD	data:image/png;base64,iVBORw0KGgoAAAANSUhEUgAAASwAAACWCAYAAABkW7XSAAAVEklEQVR4Xu1da8xdQxeefqER91LiEnFrSl/RaiqhaRokIvyg7Q+CEJeiSIRWRAihlEgJXj+aqGvdaVyKtBEJSgiSBj9at4o7jbjzBwlfn53sk3VW93nPvszMnnXOM8mbpu+791yetfYza9asWTPuv83FsRABIkAEDCAwjoRlQErsIhEgAhkCJCwqAhEgAmYQIGGZERU7SgSIAAmLOkAEiIAZBEhYZkTFjhIBIkDCog4QASJgBgESlhlRsaNEgAiQsKgDRIAImEGAhGVGVOwoESACJCzqABEgAmYQIGGZERU7SgSIAAmLOkAEiIAZBEhYZkTFjhIBIkDCog4QASJgBgESlhlRsaNEgAiQsKgDRIAImEGAhGVGVOwoESACJCzqABEgAmYQIGGZERU7SgSIAAmLOkAEiIAZBEhYZkTFjhIBIkDCog4QASJgBgESlhlRsaNEgAiYI6zJkye7Tz/91B1//PFuzZo1lCARIAJDhIApwnruuefcvHnzOuLhHbBDpKkcKhHYjIApwtp///3dF198kQnu6KOPdq+++iqFSASIwBAhYIawrr/+erd48eJMNPvuu697//333c477zxEouJQiQARMEFYsKqmT5/ufv3110xizz77rJs7dy6lRwSIwJAhYIKw4LeC/wpl2rRpmXXFQgSIwPAhkDxhvfbaa+6YY47pSOa9995zhx122PBJiiMmAkQgfae7dLSfddZZ7sEHH6TYiAARGFIEkrawpKN9p512ynYI6WgfUk3lsInAZgSSJSw42OFoz8MY7rjjDnfZZZdRaESACAwxAskSFshpdHQ0Ew3CGHLiGmJZcehEYOgRSJKwsAsI6yovCBBFoCgLESACw41AkoQlwxjmzJnTCWkYblFx9ESACCRHWPq84Oeff+72228/SooIEAEikJ7TXYYxXHrppe7OO++kmIgAESACGQJJWVggp4ULF2YdYxgDNZQIEAGNQDKEhTAGWFf5eUGGMVBZiQARSJawdDYGhjFQWYkAEUiSsJiNgYpJBOwigPO+a9eudUcddVTw8KMkloQyjAGDBgAsRIAI2EAAu/hffvll1tnQu/qtE5bOxhB6wDZUgL0kAnYQkIQVOkFB64SF1DG5RRV6sHZUgD0lAnYQkP5n9PqXX34JlqSgVcJCqphzzjmnI5lUrSsQ6g477JCdaZw4caIdTWJPiUAEBLCzP2HChE5LIXf4WyWsVHNdff311+7GG29048aNc8uXL+8S+fz5890ZZ5wR3LkYQc/YBBHwhsDZZ5/tVqxYkdWHBJtItBmitEZY0rpCkCgOPKdwBAc7lrNmzXLfffddT7z/97//uZGREffGG28EM31DCJt1EoFQCOgjdaGWha0RlrSurrvuOod1cNsFoGOJmgev5v1BpoiNGze6b775pquLvGqsbYmx/VQQ0MvCUBfFtEJY2rpqO5MowAZR5Rdd5Epw2223ucsvv7yjE8cdd5x7+eWXu3QEpvADDzyQit6wH0SgNQTkbmGoc8DRCUsfwcHHjo++rYKlKHYqpVWFJSoc7UWXXRxxxBHu3XffJWm1JTC2mywCMfxY0QkrpSM4ICmQlbw2DKEVOITdK3c83gGR5YFyufaEmlGS1U52jAgoBLQf66uvvnL77LOPV5yiElZq1pWcEYBq2XU3lrAgrd9++61LGMyM6lU3WZkxBLQfa+nSpe6KK67wOoqohJWSdaUj7KsuTSEcON0/+OCDjkAY+OpVN1mZQQT22msv9/3332c9v/vuu90FF1zgdRTRCCs16wqmar7rV3c5V2RphdrO9Sp1VkYEAiFw+OGHu3Xr1mW1n3zyye6pp57y2lI0wkrJutJ9gQ+r7n2Het1+5ZVXultuucWrkFgZEbCCgAxXgnUFK8tniUJYKVlXK1eudKecckqGIQJAn376aTd37txGmE6aNMl99tlnnTpSPWLUaJB8OTkE8F1dcskl2XExxDLWnXR9DkyeDQ4RpxiFsFKxruC3OvPMMztLQZirMFubFhzfWbBgQacaCAoO/BQUqOnY9PuIocMRjMmTJ7tXXnnF7bHHHu68885z8N+xxEVg5syZ7u23384axSYQNn3a1jkcZ8uLScJKybqCZQUL65BDDslmJB9klQtHXvyK39X1i8VV+fKtLV68eMzTCPhQYKli3EXxa+Vb4pNlEMB51kcffbTrUQRuYqJsE3/zhJWKdSWXgqtXr3YnnHBCGb0o/UzRrmHVncfSjUV8EBsLmMk3bdpUulXMrDix3+aHU7qzBh/EqQxYukUFEwf0rqmbow4s2DGXMr/rrruyJavPEnRJmIp1hd1ARKjjQDMIFNZViALnPT7WPD4LyoNT6ykc6q46XsgOVpW+Zg1W6cUXX+y+/fZb98gjj2Rb2DK0Q7YzCIRdFbfQz2MCgWMbZcaMGQ7Hx7DxMzo62tV0SD3vNUbtGsH/zz//fK+QBCWsVK7tOvjgg93HH3/sTjrpJLdq1SqvAOrK5JjxtxDr+KAD2Fw5Zm9ctyaPK+2yyy6Zj2Tq1KlbNA+ixjv40cG0N998s7vqqqtCd3lo6pfxg9IHq3PLARBMlJg0oIMxinYbfPTRR+6ggw7y2nRQwkJSr1zp28rIkPuWtt9++2x9f+yxx3oFsKgyHUFvxdIA8WC5IY8q4VwlMMRPP4cuZI2x60mhjdk+uJBbakASlt6N1hZ+3sVYS3S5Q4i2//vvP+8oBSOsFDIySOHGJEx93hAfOpSr3wfvXboVKtSWIV7FhSCQY9UlLd658MIL3V9//dXpAXwbmDCq1lVhCEPxaG7FwBj4+eeftxgzdA+TS55MTz6AyQS+xVB6KAkrRAwWxhKMsNrOJiqvDkNq49j3HOqjP6ke2ylKrQOiglXUZCnx5JNPZqEOkrTadAgPCpshVfeff/6ZDWcsCwb6B+LS/sWQMggd5R6MsHT0dxuBlNglyZcmZQ81+1ZqHeoAB3xKO2fYLV20aFHm38uLT0sUkwTkoD8aWHMIf2CphoBctZT1jeIdTD46u4jvZfqGDRuycKG83H777Zkf1HcJYmG1fROODKVo27IBQeUfbMhc11UUI99Vkvc/wleF3zexqnr1Qfv08ByIDL69UMuTKnhYebbu/X+9fIs+k0/Ckt5mm206UF5zzTXZvQi+i3fC0kuh2ClXZPsp5IrXjlCfFkxVZQAhYdbTy2N8CLD+QpJH0S5WKtHZVXFs43mJX91JuEgGPieOKVOmOOwMopjxYcmlWOxbnDGTTJ8+vfNBhrxuqIrSSouvDQc8SBNEpW/UBqFjeRYr4yv6Af2QyxOSVjlNguWL6+BRmrhYinYSfZGW9GGZICwZ1AZgY2/nS6HGJst+aieJ/LTTTnOPPfZYv1e8/L1o9w8V98us6qXxgkqKTgSQtMZG24d1JVsoIq2mR8n0yuqiiy5yy5Yt865GXpeE0lcRe2dOWjEpLAW1pEDmINTcugi9VAYxwKrSRzggF/wuhK+qrHYW+VR8+lPK9sPKc9IP2sS66kdaTWTw/PPPuzlz5nSauO+++9y5557rHWJvhKXTo8b01WDGwFIwL6ksBbW0XnzxRXfiiSdmvy67y1NH4kUBoKhn2rRp2bIwpK+qSn+lRYz3YupMlX62+ay0rkAI+manJn3TVhHquvbaa90NN9xQuVod5R5qQvZGWNLCwWhjZd7UF0mkthTUkpdWaAihFjlW0Ye6jtrKmlvxBb2DmOpkU3FY3h6vuzNYtgMgLbgr5JGqOiEPSDEEqyovodxBXghLH3KO+XHIWKcUl4JacaSfD8oIE99HQb2Y5YpO8adOApq0QhC5D4xj1+Hbd9Wr/0V+zqqkJX2048eP7woY9ombF8LSs3qsAMmmF0n4BLJKXfID9TETYcLAIdMffvihqxtj3a9Ypb8xntWk9frrr7vZs2fHaDrZNkJbV3LguN0GmR9kKXuUR7uDmjrwxxKIF8KSx3BiLcl0CIPv9X1ILZZWlo8wB/jF4B+TBXhg5rR0dk+S1qGHHupAWqn420LqQ1Hdsawr2bZ26+BvcPjDQh9rk0a/52tjoAiXxoSlrSsfFkMZ5ZAOW+x8NblIokx7vp+RQm7ibNZW5lZbbeVuvfXW7ByZxSLJF8sMHKsaxhLTupL49vKB4nsDeeFfGCWYSIri+0IbLI0JC7tzeTqSWKEMGlSLPg9YiFBKODvrWllFN1dbzz+FMYGo8iDJ1P1vIch0yZIl2W4dSkx/cD4W7ETC2tW5zeRYDzzwwK6LV/C3GD7kRoSlZ/cmlkJZwWsHv6WloB6j3DC46aab3NVXX10Whuw57feJNWFU6mSNh/V9j7Gs9hpdDfKKjBiPtduuBwIZYBVQlKamaNAgVjwf2gXRiLB0wq4Y4FpfCkphS18W0ob8/vvvpT6AXkGhbWWlKNXpig/JjB+wQGFFp5TpouJwSj8udSLmiYheHYSuQRboFwwU/F9m34jtK61NWDpYM4bpqtPWWFwKasWYNWuWe+utt7Jfr1+/3o2MjIyp3L2CQkP7Dkp/cR4flH6+GAe0PXa9dlUyPCBV/QZpIT3z7rvvHv2yi9qEpZcjoUMZwPDIzZ4nhAu5dVpb22q8KCOE+8W+gKxg1cpc62gytQj2GjD0fEV+wKmk5/E5PlmXNAIGcQLygVstwtKHnEODiw/0yCOP7CSa23PPPR0Shg3ClrfGstflrjKDqhQ8/FYw1UP7DnwoW5069GHpJufd6rQf8x0L1lVMPIraqkVYMS9ZgMLOmzevKzXK448/7k499dS2sfPWvr5nroi05AHYvGH4D7BjOgjEPRaYOkf+IDrhpbsjtAHgTXFbqKgyYWmLIPTO1LCcNctvpc514OGHH3a43Rel6OhEDJ9hC/rYs0ntMx000mor7iolGZfpS2XC0lGtIUMZdNiE5RCGUsIYN67rMWD9ySefuCeeeML9+++/nb8NOg69sJLxd4O0cyi/qUHxzZbR9zrPVCIs7UdBoBh+F2JJoo/eWIxmryoQLHOfeeYZ988///R8dRhwGAs3TVqpX5/WTwf07U7WTmz0G5/vv1ciLH0LTMhliW4r1S1e3wLReYV0/YMUa1UXO6kb1rOVyrjCYdHxunLHe6UJS0eY4+VQhxz10ZthWwIhe+NLL73USTGLcI4dd9zRIe1srPzrTZQqxrvSt2l1GUVHe3VNKU1Y2ncVikT0snPYl0DVRTo8b8idU2vWCQwAnMfD7c0xzuANilaUIqwi6yqUgkyaNKlzqNJSPqdBUQhL45BnDuFHRfCylXg0aQAgrOX++++3BH1rfS1FWNq6ChXKoBOBDdrWdWtSHuCGZbiDlXQ0MjRou+2261w9P8Bi8ja0voRVZF2FIhK5pp8wYUJmLrMQgX4ISJ9nKN3s14cqf5dLWQv9rTK20M/2JaxY1hUGOgiO1NACY/3FCEjdCbUZ5AN7+T3hDGieS85H3cNQx5iEFdO6AtjwQ+RJw7h9Pwzq52+M8sxhyCvUmvRYR+uHThjQpK+pvjsmYWnrKmSgqDTr0Y7OSJAqgOxXOgjIG43r3q8XajR699tqKEYofMrW25OwiqyrkMdw5FmqkAGpZYHhczYRkOcuU7FgQFY4wC9TiTOivZ5+9SSstqwrDCNUyEQ9iPiWNQROP/10h4weKST90xM/Q3WaaVMhYRVZV6GsHp2Ujo7IZgLl2y5zJ8CPhVS+bfqzis7e4kD/MKR6DqWHhYRVdD9ZiJ2XoltfaF2FEvVw1Sv9WW34i0BWyA6Lf1FoWfnRvy0Iq8i6CpFQrIisQllxfqBiLdYQkBs58G2BuGIUklU4lLcgrCLryrfVU0RWXAqGE/Iw1yz1OcYdh7DsZs+e3Ylep2XlV/u6CKsob3gI60qn+x3kSxT8iou11UFABpX2u+ijTv14B5Pw6OhodjdfXkhWddHs/V4XYekcVHjNt3WlUx6TrPwLlTVuiYCcJH1bWjpsAa1vu+227s0336SD3bMydghL37aLdnwv03TKY5KVZ2myup4I6Nt35s+f7+69997GiME3hqSLMtAZeo1zsVYyRzQGIWIFHcJasGCBW758eVfTvq0refSGOYAiSplNZQhgUsY18D/99FP2/15XqpWBC76qhQsXdt3mhPewcQQSC5E2vEy/Bv2ZDmHttttu7scff+yMd+utt3Z///23l/FDUbAUXLt2bac+nlL3Ai0rqYgALKEpU6a4TZs2Oeg8SAuxWmULdBkWFXYgdeEud1kU6z/XISztW0KVy5Yty9Ly1ikQ7KpVqzLB6hPpIRz5dfrId4YTgZUrVzpcq5aXMo546PGKFSu2sKhQB1YLqAM+YJawCHQ53ZGDqujQMczo8ePHu6lTp2bXxcOBiXV6kdkLPxV2S7CG71VCBKGGhYm1DxoCRZd9zJw50z300EMOWW9RcL3aCy+84FavXt3zMD4mX5AZ/VVxNKSLsLB7smjRotItg7DkMQNYUr2yLOy9995ZDuslS5ZkcSosRKBtBGBpgbjWr1/f1RUsFQ844AD3zjvv9Owi7jSARVVlOdn2eAeh/S7C+vDDD93IyIjXcWEGgmCRvpaFCKSGwIYNGzIn+T333NO3a1j6wXUCfaZF1ReuIA9sEemOJd3SpUvdmjVr3IwZM9y6deuyhnfdddfMCf/HH3+U6ggckBAuZ6BScPGhlhEAacHnCv2XZeLEidkkjh1BTrotC2lz831TJOsuYtmHHzjV9RIQS0QIFT/c1m1fuOxBdQQ2btyY3b4DywurA0641TEM+UZlwgrZGdZNBIgAERgLARIW9YMIEAEzCJCwzIiKHSUCRICERR0gAkTADAIkLDOiYkeJABEgYVEHiAARMIMACcuMqNhRIkAESFjUASJABMwgQMIyIyp2lAgQARIWdYAIEAEzCJCwzIiKHSUCRICERR0gAkTADAIkLDOiYkeJABEgYVEHiAARMIMACcuMqNhRIkAESFjUASJABMwgQMIyIyp2lAgQARIWdYAIEAEzCJCwzIiKHSUCRICERR0gAkTADAIkLDOiYkeJABEgYVEHiAARMIMACcuMqNhRIkAESFjUASJABMwgQMIyIyp2lAgQARIWdYAIEAEzCJCwzIiKHSUCRICERR0gAkTADAIkLDOiYkeJABEgYVEHiAARMIMACcuMqNhRIkAESFjUASJABMwgQMIyIyp2lAgQARIWdYAIEAEzCJCwzIiKHSUCRICERR0gAkTADAL/B9VnHwL83GZbAAAAAElFTkSuQmCC
74	2019-09-16	\N	23213	AHMAD DUSUKI	01293818	syamirulamr07@gmail.com	\N	\N	\N	\N	\N	\N	\N	0.00	pending	2019-09-17	cMgXKMZdIsr	\N	3	50.00	\N	INTERN	IT	120301	192.0.0.2	Yes	ISD	data:image/png;base64,iVBORw0KGgoAAAANSUhEUgAAASwAAACWCAYAAABkW7XSAAAR+0lEQVR4Xu2dW6hVxR/Hf75EPaVdKChSIzKKKLGSKMreKiqVyG6Eil2IDLMbFEFJD0URWQ/dMOxEF1LC8qEIgpKKIDQrUrtQRymoiDKxsHrIf98Vs/9z1ll777XXdWbvz8Dh4HGtmVmf329911x+MzNl/7/JSBCAAAQiIDAFwYrASlQRAhBICCBYOAIEIBANAQQrGlNRUQhAAMHCByAAgWgIIFjRmIqKQgACCBY+AAEIREMAwYrGVFQUAhBAsPABCEAgGgIIVjSmoqIQgACChQ9AAALREECwojEVFYUABBAsfAACEIiGAIIVjamoKAQggGDhAxCAQDQEEKxoTEVFIQABBAsfgAAEoiGAYEVjKioKAQggWPgABCAQDQEEKxpTUVEIQADBwgcgAIFoCCBY0ZiKikIAAggWPgABCERDAMGKxlRUFAIQQLDwAQhAIBoCCFY0pqKiEIAAghWwD6xcudI2btxo33zzTcC1pGoQaI4AgtUc64FK+uijj2zu3LnJPcceeyyiNRA9Lh5WAghWoJZdtWqV3XfffUntFixYYBs2bAi0plQLAs0RQLCaY527pHfffdeWL19u27ZtS+7ZvHmzzZkzJ/f9XAiBYSWAYAVo2UWLFtn69euTmp1++umm7iEJAhAwQ7AC84LLL7/c1q1b16nVvHnz7J133gmsllQHAu0QQLDa4Z5Z6s6dO23mzJkT/u+WW26xRx99NKBaUhUItEcAwWqP/aSSlyxZYmNjYxP+rsF2DbqTIAABuoTB+MBvv/1m06ZNm1Sf3bt329SpU4OpJxWBQJsEaGG1Sd8rWyEMCmXw0+LFi+25554LpIZUAwLtE0Cw2reBqXWlsSv99tP4+LjNmDEjgBpSBQiEQQDBCsAOq1evNi3D8dP8+fPttddeC6B2VAEC4RBAsAKwhcao9uzZM6EmCmVQSAMJAhD4PwEEq2VvyGpdnXvuuaZodxIEIDCRAILVokdozGr27Nmm+Cs/0bpq0SgUHTQBBKtF82gGcOnSpRNqQOuqRYNQdPAEEKwWTZQ1drV161Y79dRTW6wVRUMgXAIIVku2yWpdrVixwjSmRYIABLIJIFgteYbiq3bt2tUp/ZRTTkkG2olqb8kgFBsFAQSrBTMpvmrhwoUTSqYr2IIhKDI6AghWCyZTfNWmTZs6JWs3Bu3KQIIABHoTQLAa9hB1+84777xOqUS0N2wAiouaAILVsPkkVi4odPr06fbJJ58wbtWwDSguXgIIVoO2kzgpUNQlAkQbhE9RQ0EAwWrIjOmo9mXLltmaNWsaKp1iIDAcBBCshuzo73dFNHtD0Clm6AggWA2Y1B9oP/jgg5NxK/a5agA8RQwdAQSrZpOmN+cjhKFm4GQ/1AQQrJrN63cFFc2u1hUJAhAoRgDBKsYt113piHa2PM6FjYsg0JUAglWTc6RnBekK1gSabEeKAIJVk7m11Oaxxx5LcmdWsCbIZDtyBBCsGkzOrGANUMkSAv8SQLAqdgO6ghUDJTsIeAQQrIrdga5gxUDJDgIIVj0+QFewHq7kCgFHgBZWRb6Q7gquXbvWlixZUlHuZAMBCIgAglWRHyxYsMBef/31JLfFixeb9mwnQQAC1RJAsCrg6QeIsjd7BUDJAgJdCCBYJV3DXyuohc0ax+KYrpJQuR0CCFY9PuB3BTds2GD6NwkCEKiHAC2sElz9hc2MW5UAya0QyEkAwcoJKn2Zdl3Q/uzqErL0piBEboPAgAQQrAGB6XKJlMRKosVBEgUAcgsEChJAsAqAU3zV2NiYsXtoAXjcAoESBBCsAeH5IQycejMgPC6HQEkCCNYAAHfu3GmzZs2yv//+29jfagBwXAqBigggWDlBatxq4cKFSZzVlVdeaS+99FLOO7kMAhCoigCClZOkG7diRjAnMC6DQA0EEKwcUN24lQbZ1S2cOnVqjru4BAIQqJoAgtWHqB9vRSR71e5HfhAYjACC1YOXH2+1YsUKW7169WB0uRoCEKiUAILVA6fbPZRxq0p9jswgUJgAgtUFnfazWrp0KcGhhV2LGyFQPQEEK4Opxq1mz56d/A/jVtU7HTlCoCgBBCtFzt/qmB0YiroV90GgHgIIVoqr29+Kcat6HI5cIVCGQNSCtWXLFtu7d69t2rQp2eJl3rx5ZViY29+KeKtSGLkZArURiFKwTjrpJNu+ffskKBIsLUgukvwjuljUXIRgvff8/PPPic1lJ6Xnn3/efvnlF9uzZ09mwfIFtZbnz59vM2bMqLdy5N4YgegEa9GiRbZ+/fqugE444QS799577YorrsgN0Q8O1b1qaZHCIPDrr7/a/fffb1ptoFUGRZL22NfSKsSrCL2w7olGsPR1lZBkidXRRx9t33///QSy559/vr355pt9aTPI3hdRaxesWrUqsfe2bdsm1eHII480idlBBx006dAPDRF0S/qg3XPPPXb11Ve39lwUXJxANIKlHT5dd0CPe9FFF9ltt93WGbfKannlCUlwg+wcz1Xciaq+UzFwsq0EyaWHH3446eIdd9xxuYpTa0z+opaZOy/Sv1F5aYsguou5cAZzURSC5YI4HbXLLrvM1q1bNwni8ccfb19//XXn73LGrVu3dl2szCB7MH6YVEQCo1aV/2GSjdRNL5PUipZwPf7444k/uCT/UP4KXyHFQSAKwbrpppvsiSeeSIj2cmA/4NPh15dULa108ndg4CzBdp1VrSGtKvCFSiKitZtV74yhMuQT/mC9BujXrl1La6tdN8hVehSCNWXKlM7D9JvBc+v//KdPdw19YZOjakCW1DwBtXxWrlxpakG7JKHSR6nOrprKlZ9oX34/yQ/Umquz7OYpD1eJwQuWf/afwhk+//zzvhaQw+3atatznb7SEjrNFvmD7MwI9kVZ2wVqPan7J3soNSFU6YdRa0si5fuKrkG4ajN76YyDFiw51IUXXmj79u1LHvSqq66yF198se9D+zFV7mKJlWudffrpp8kUt7qFpGYJpLt/CvjVR6ls0G+Zp5B4qg7pmC6EqwzVeu4NVrD05Z05c2bnC3zAAQfYl19+mbu5LidUd8NPRxxxhP3000+mGUF1C0nNEtAHQmNVsq1WE0gk1DULJcln9JNunauOZQf+Q3nG2OsRrGC5cAMHuMgpNek8lBfLbpp32fRYlVpVGrcKdaxIdZOY+sKlFrrGQkOtc/NWbafEIAUrPdtXdCGyXhR1NdQFdEkBhz/88EM7tEewVHUBFUOn3yG2qnqZJN1V1FioJmn0ISS1QyBIwUrP9PWbGeyFTl9JdS3379/fuSxPQGk75hiuUtVSufHGG+3PP/9MuuH6t1oqMaWsGcUirf2YnjnkugYpWP4s3/Tp0wuvIRN4vSB+C0t/K7NIOmRjhlI3veQaq3KTGuecc06yo0bMKR2/lXfpV8zPHGLdgxMsdR3UInKpzCZ67ixBfd3PPPNMe+qppzr5jo+PMx5Rg0eqO68DZ91C5WFqjUiI5VNuqY8+rOoNyEerDnCtwTS1ZylR19rOuXPn1lZWcILlItDdExeNlXLdSo2b6CWSQ6m15QZSOQWnep/yZ2bFXbZsM1yh+if8L8drr73Wnn322U72LPExu/XWW5O1mUovvPBCbYvLgxOsKsav/LWHfiS7H591zDHHTAoYrMvBhz3fdGyVWrQSq2GeUdMzaybRj5bXR1H+q4/hKLW4FADsb8lU55BLcIKVHnPyB8vzvPjdxMrde+KJJ9qOHTuSf7788ssD7ZuVp/xRu8aPrdKz17UGMFSu6ia6qH1Xx1ESLr1DCuj208i0sGT8adOmdZ590HAGfxlPtzWCa9asseuuuy4po84vQagvWFX1Sg+sK99RXpeZ1eISE415ScSHsWusHosmV/yNFavYXaOXjwbVwkovqVG/+JFHHsn1jvldyX4vjpzHzVr1uzZX4SN2keykgXW3DjDWkIU6zKaXV618tbr8pT7qHit+S+IVW2hHFidtrHjnnXdOEKtu2z5VyTlowZIIuYG8Xg/tZgPzfuX9wNR+e2ZVCTv2vCRQGq/Qy+jSqHUB89rQ7cElVumwmkMOOcQuuOACu/3226MUr7vuussefPDBCSjUCNAEWd0tyaAESwRkzN27dycw8rR+BhUrR9m/jxnD/q+hRF7Nf7cGM7ao9f5PWN8VrtWllld6Z4gY95v3t3sSNbWsHnrooUYmWYITrBtuuMGeeeaZxHuefvppu/766zM96Y8//kia16+++mpucfMz0hdQrSvXbC8TTV+fq4eRc3oh+SjMAtZFXoKvcZ6PP/7YvvvuuwnFSLzUbdRvjd+GONOYnhHMu4NKVTyDEyx/b/ZeA3jqQ+vavC2xLGD+i0jXcDKhrA32aI1W9er9tyW0Wl2aac06rkzCpR7HnDlzkpm4tse+0ucmXHLJJZn75VdHaHJOwQlWeuA9S7ScymuvLMVTPfnkk4UZ+WEUvIz/x5iOWNcSKb1cdY9RFDZk5DdKtNxPt7MW1eISf/3Ib9XSbaoV5vd8HOo2eiXBCZZgpJV82bJldsYZZyS7LLz11lv24YcfJsx0EIX6z2WSxhdkfOckLIy25MVx+1aJLScKlfGwwe/VR1s/b7/9tn3wwQc9M1DPQD8SsX/++ccUZzhr1qzKWmOqxxtvvGE6tchPVbx7g5MxC1Kw9CB+qH/Wg23evDlpKleR/OVA+mLpZJVhjtLuxSy90mCY1gJW4StN56FuuRMw/U7POPaqjxMz91vX6uPsWmV79+5Njsvz05YtW5Lxtb/++isZH/YPBmmzZeXKDlawVEF95f0DCvS3iy++2K655prSLau0of1ZQxnVPw6qaSdto7z08hrNAoo9ez+1YY3uZToBU5fd/aRnHovUWB9/iVWvdOCBB9qll16arBVsKwUtWIIiiDpr8LTTTst9iGZRmH5A6SiNZ7333nuJMLmDSwkELepB7d2nlpAE7Mcff0x+9AHSv7uNhw1S08MPPzxpIOin7THM4AVrELBlr02HOozCeJZaUTfffLP9/vvvCb4y2/mU5c/99RBw3TqJmFtG88UXXyRbwbgTsl0L66yzzkriIDXJom1inFjpdwgJwUpZIR0Fr5mQYRzPyopal3DpdGQSBEIlgGBlWMaPzzr55JPts88+C9V+herFeFUhbNwUAAEEq4sRtBe526E075rGAOzZtwrqAur4M7dweZg32usLgwuiI4Bg9TCZ4lm++uqr5Iq6t82o23OyotaJr6qbOvlXTQDB6kFUL7m/rXKsopW1bxEnX1f9KpFfEwQQrD6U05HwMQVSZrWq9Lh5dsFowvkoAwKDEkCwchDTzKHiT1xMSwxjWumxKj0m8VU5jM0lQRNAsHKaJy1a6iqqpdL2Cvp09dP7Vrn/H6VA2Jwm5bIICSBYAxhNYqCIcH8pRCjjWllxVa5VpTCNtiOUB8DMpRDoSgDBGtA5so4uP+qoo+z9999vLcBU3T9tueMfBqBwBXVd/eOXBnxULodAcAQQrIImUavl7rvvtn379iU5uKOdtK91UykdAOrK1QygRKypvZKael7KgQCCVcIH1Kpavnz5hC0/1GXUTGLdy3nS2xbrMdhkr4QxuTUKAghWBWZK7yFV50Gar7zyiunUkvHx8Qk1Z1C9AkOSRfAEEKyKTKRNALWnlr+dh4RLf5OYlG1xKfhT41TpDdV0WIFaW6HNVlaElWwgMIEAglWhQ2QNyLvszz77bNOm/XfccUfuEjVGpQNfJUjueC3/ZgJAc6PkwiEhgGDVYEh3bHm301A0c6e9t90eQ9u3b7cdO3bYYYcdlgiThM/9zqqeWmxawKwxKxIERokAglWjtd3pvw888EBnEXXR4hSmoAF9iV3Z7mXROnAfBNomgGA1ZAGNPY2NjU3ao75f8VpOo3Ew/RCm0I8W/z/sBBCsFiws8dq4cWPnoItDDz3Uvv3222SMS8lFpROd3oJxKDJoAghW0OahchCAgE8AwcIfIACBaAggWNGYiopCAAIIFj4AAQhEQwDBisZUVBQCEECw8AEIQCAaAghWNKaiohCAAIKFD0AAAtEQQLCiMRUVhQAEECx8AAIQiIYAghWNqagoBCCAYOEDEIBANAQQrGhMRUUhAAEECx+AAASiIYBgRWMqKgoBCCBY+AAEIBANAQQrGlNRUQhA4H/Z5M3GiLYoYQAAAABJRU5ErkJggg==
82	2019-09-16	\N	970303104	MUHAMAD SYAMIRUL AMRI BIN MAT ISA	0134620224	syamirulamr07@gmail.com	\N	\N	\N	\N	\N	\N	\N	\N	pending	2019-09-18	tVJMTbWyY6z	\N	3	50.00	\N	INTERN	IT	120301122	192.0.0.2	Yes	ISD	data:image/png;base64,iVBORw0KGgoAAAANSUhEUgAAASwAAACWCAYAAABkW7XSAAATxElEQVR4Xu2decxdwxvH57VVVFEhaAT9Q0M1RbyJpcQSEWsoSWuJIEosoZQ/SAj9w5bYSoKIPUITUWtsiVBL+0eJpd5aEn0ttSfWohH05zP5zc2803PvPeeec5c5853kDb13zswz32fu9zzzzDPPDK39rxgVISAEhEAECAyJsCLQkkQUAkLAIiDC0kQQAkIgGgREWNGoSoIKASEgwtIcEAJCIBoERFjRqEqCCgEhIMLSHBACQiAaBERY0ahKggoBISDC0hwQAkIgGgREWNGoSoIKASEgwtIcEAJCIBoERFjRqEqCCgEhIMLSHBACQiAaBERY0ahKggoBISDC0hwQAkIgGgREWNGoSoIKASEgwtIcEAJCIBoERFjRqEqCCgEhIMLSHBACQiAaBERY0ahKggoBISDCSnQOzJs3z4yOjprp06eb+fPnJ4qChh0bAiKs2DRWgbwfffSR2XXXXW1LkydPNitXrqygVTUhBLqPgAir+xgPXA9YVFdffbWVa+rUqWZkZGTgZJRAQiALARFWgvNiaGioMeply5aZ4eHhBFHQkGNEQIQVo9Y6lHnFihVmzpw5ZunSpbaF008/3dx///0dtqbHhEDvERBh9R7zvvU4Y8YMs2TJEtv/pEmTzPLly82WW27ZN3nUsRAoioAIqyhikdbfbbfdDBaWK/iwrrrqqkhHI7FTRUCElYDmISc/dGH8+PFm9erVCYxcQ6wbAiKsumk0GM+TTz5pZs6cOebT2bNnm4ULF9Z85BpeHREQYdVRq/8f02effWb23HNP8/PPPzdGufvuu5t33323xqPW0OqMgAirxto96KCDzOLFixsj3HHHHc2rr75qdtpppxqPWkOrMwIirJpqN/RbMcxXXnnFQGIqQiBWBERYsWquhdxYUQcffPCYGuwIuuj2Gg5ZQ0oEARFWzRSNv4rzgb7f6thjjzU431WEQOwIiLBi12Ag/0UXXWQWLFgwxm+Fk32LLbao2Ug1nBQREGHVSOtZIQzvvPOO2WOPPWo0Sg0lZQREWDXRftZSUH6rmihXw2ggIMKqyWTgIPODDz7YGI38VjVRrIYxBgERVg0mRLgUPPDAA62TXX6rGihXQxBh1WkOhEtBItkJaxBZ1UnLGotDQBZW5HNh2rRpjYyhimSPXJkSvy0CIqy2EA1uhVtvvdVcfPHFVsAJEyaY1157TTuCg6suSVYBAiKsCkDsRxMcbCZA1JVnnnnGHH300f0QRX1mIMCy/M8//zRHHHGE8KkQARFWhWD2siliq9577z3b5S233GIIGFUZDAQuvfRSc9NNN1lhlCixWp2IsKrFsyet+UtBOdl7AnmuTvzbiNwD5CJbtGhRrudVqT0CIqz2GA1UDY7ZcLDZnRVUBobBUA8X02LphuXRRx81J5544mAIWQMpRFgRKRGSIiEf/istBY2NNfv8888NQbL9yvGFTg444ADzwQcfrDOTFLxb/Y9LhFU9pl1r8bjjjjNPPfWUbT/VHwMkhe/ugQceaBD3xhtvbB3cvS7IcMYZZ4zpFlnWrFljP+MKNU4gqFSHgAirOiy72pLvt9p8883tjzWV4FCsGMI3ICs/bY4PODuk7JT2oiADRNUqZU9qOuoF7vQhwuoV0iX6SdlvBTHjuM6Th74XO3KEK0BWblnuq3XKlCnmk08+sR/p4HmJCd/iURFWd3CttFU/N3tKIQyQA2TVzKrKAnnt2rWVYu83lpV22n1/wQUXmNtvv93+kxMHWYTWNcESaliENeDK9hPycaiZH3EqxffZ+WM+7bTTbG76rbbayjz00EPmsccea3z91ltvmb322qtSiCBMiDMLe8JKkAHdaOe2UtgzGxNhdR/jjnvwc7Nvsskm5quvvkrGbwVo7PyxC+gKfiH8Rv5FGpdddpm54YYbGnWqtrBaWXks+3ihQFpffPGFlQEyxRmv0h0ERFjdwbV0q+EOFD/M6667rnS7MTXgW5eQFeQRZk8NL9yoMi6NjQ6CQcMlKUs+9IMsxMQ5/9q4ceMaO4Qx4RyTrCKsAdRWSFYpb49DBvyxPMzaFb3iiivMNddc09BiFWcqIahLLrnE3HfffevMjrlz5zZuHwqXiTfffHPjMPoATqtaiCTCGjA1hhZDSk72TlThn9vj+bI57HGW449ySzwnE59hcTkLTxleO9FW+WdEWOUxrKyFMBmftsbbQxvu3P30008d+/mwbIn38peALP/oww8ADTO8Ukc3E7XXVRU1RFhVoFhRG374QqqR7EWhDAmrE6c7VhWxVeEu4EknnWTuuOOOdQgw3Ax44okn7JJVpfsIiLC6j3GuHvwfnqKkc0FmK4X+vqKEBe7c4xhaVVhRWdejhf2lFmqSXzPdqSnC6g6uhVoNfwR6Y+eHL/T5jY6O5joIDSGx/AsDPLFs0UezY0+hdVXlrmT+UadbU4TVZ90vXLjQnHnmmeaPP/6wksjJXlwhkMsvv/xiH2RpBuE3K/iayAL67bffjqniQhX8GK+wjZAcib/Kc2So+Ij0RDMERFh9nhvbbLON+f77760U8lt1pgw/XosWmu0UYlWdeuqpZvXq1Y2OspzqzaTwfYx6uXSmq7JPibDKIljieY6UzJo1y7aw//77m9dff71Ea+k+iv8Jf5OLiidWihAEV7KyK6y33nrmyiuvtJHqebJeYEmRi8wvZXYk09VWuZGLsMrhV+ppdqbcMQ5yPE2fPr1Ueyk/7PsBISCX4x6y4jvfqY6jnM+KJP0LrSsdwenPbBNh9Qd3e7L/wgsvtL3vu+++ZsmSJX2SpD7dDg0NtR1MJ0QT+q7oJK9zv61AqlAIARFWIbiqqczO1IwZM8zXX39tG7zzzjvNOeecU03jCbfCsvrNN9/MRABfFcvETuKlpk6daj788MNGu52QXsJqqXToIqxK4czXGGfU2BmksGP13HPP5XtQtVoigCXE2cINNthgTEYH/FudEJXrzLfcyJoxMjJSaDkptVWHgAirOixzt8R2+Pvvv2/rv/jii+awww7L/awq9haBcDmoQNHe4h/2JsLqMf5vv/22GR4etr2SaI6EcyqDi0B4blCBov3VlQirx/j7ywssKywslcFFoMrD1XlGyW4mIRSEaODr5N/uv+757777znz55ZeG0Ixff/218fJz3/NS3Gyzzcymm27a8JPy3bRp08w///xjZs+ebZe0+PVaBcrmkbfXdURYPUSc++veeOONRo+K4+kh+B125RNWlZHtEBGhLEuXLjUvvPCCJZJVq1b1JRc8pIWPr5/3O+ZVjwgrL1Il64W+EBy37D6pDDYCPmHhvCeKvkjBWoKYsJLcH58VuVijSH9l6+688842QJZ0OmwIDVoRYfVAIzfeeKO99smdF+SGldtuu60HPauLsgiEEe7Nsr9ykevixYutT/LTTz+1y7oy5wzJ2MGyzY/ChzDdv7HGNtxwQ7PtttvaIW633XaNoUKMLBe33357s8suu9jPke23336zS0mWlPy7XcHHOmHCBDt3iy4deUEXfaadPHwvwsqDUok6KI4QhpUrVzZakeO2BKB9eNSPch8/fry90Xnrrbdu/CBJT0P8l397TysxISPIhz9ICbLhTCn/XyT6viwUzE3+IFZ3o3izNsGAJSOWV3iUKbQiH3nkEfPXX3/ZbBikja6yiLCqRDOjLbIvzJs3r/HNKaecYh5++OEu96rmq0Qg6xwh7fMj/v33382yZcsyuyMEwpGQs466YXVUMVaWqHfffbdNWPj333/bG5qaFY49cayMrBgccWp2B2M37mcUYVWh7SZt4FDdb7/9Gt8qG0MXwe5y02EO96zuDj/8cDNnzhwbrtJLS6nqobPzyNy99957c1uNvgwsRVmyUqpeTYiwqta21975559v31iusEPIkRyV+BDAijjrrLPsVfTokB80n+29995mhx12MOedd15XfDaDgBQ52/BjMfasQnjOySefbJeMLBfxjzlLkk0Lnq2qiLCqQjKjHe6s8/OEk/cK34eKEIgBAZaJ+LYInuUvT4G82Hj48ccfbfUyhPXDDz9Y3yC7rOQx4yYjEVYeLXRY5/LLLzfXX39942nW9DgiY4h36XDIeixyBLAasZCySIpAVJa7hxxyiFm0aJElknbl8ccfN8cff3y7amO+J/CVhAAsScMiwioEZbHK4TXq/tP4RPhz29d8xxstZt9HMXRUexAQYM5BUKwEIKnQgc5LlqBSF1zqy8xmBE53/lyK6mZjIvzChVhMmTLFBlATzQ8J4vOCpCjslhJ20ayIsLo4a5rtLrXqctKkSebss882pDAReXVROYk27ROUC2kIoWB305FU1s1BWdDR1gknnNBYCnYLXhFWt5D9f7u8tXgDufNhRbpjsmCFaQlZBDXV9RFwfijm38svv2yWL1++DkAQFBaU++sEwTCvPoGr//77bydN2WdI43PUUUdZmdi8ckWE1TGkxR+EuHBCutzjRVrA2kJ5kBgTLO+br0gfqhs/Alg6+JZcpH0Ybb/++uubffbZxxx66KGlCMpHKisjK8G1zFGSJkJc9OvSgeMHGzdunA2YhdgmTpxodyDdziLykYWXA9zhFXgirD7MUefQdA5ORNhoo41sdHCR4t6IWGAisCLIxV3XHZx2mR0gJeZS1lEgDmwzN9zLrup5ggycPfR9X1XGGyKvc+4THiHCGqC5i/IhM95KeXZgfNGJf8Hv4E7dD9CwJEoHCDhSgoRwipPZwxFUs+b8yHpHUHluBOpAvMYj4VKwylvL/Vxkrl0RVhltdfFZ3lgoDHO73TmvomL4x0P8A7W0wwR3k5wfiJ9VgDgYjqFg0lP8TQF3UDfrB8L18XweHuYtKnfd6kNG7K657A0um4Mfu+eP2Z1BdMd9wmM/vcYnaylYVWQ7mBDH6Oafu2BYhNVrLXfYH5MjnND8uxN/WIcidO2x8NAv5AaRrlmzxk5YtsMdkbayGBwxOnLk2XYWhvtBhP9tt03vg/HNN99Yf4zTj/vOEb6/XArrhKBiJVF4qTgcen0oOo+is5aCVV3OAUYzZ85sLHH9JaYIK492IqgDoTGJOEbB4VXiW5jo7kcTWksuk2WrH6af4oQfD8RBu7Tv/yjDjJh52o4A0tIiEsMUhqb41q1PRIN6KLoZCLgefMu/qqVgSIT44Jjb7sUjwio9LdVAFQhkpQLmSnmuQmNDollGgGaEXESmPMvVVlZOq+VwETliqRumjYasIJWyDn10yTLQbR6EZAU+IqxYZonkFAIDgEAYZoBIzZIaFhUXK9MlFswiKxFWUURVXwgkjMA999xjyJaLb9GVKsgKywqfldtswI/HhlOW/1EWVsITUEMXAnkRgEyOPPJIQypoCstArK0yF9TSDss/CMrd/tOKrGRh5dWW6gmBhBEIQww4yPz888+X9lmFMVz4Arnko9XOriyshCeihi4E2iEQ7tqx84m1VeZgPgRIimU/Mp+D0yw524WhiLDaaUzfC4GEEfCPxgADFlCZ3cDQWqNNFxSaB2YRVh6UVEcIJIhAmMeeSyfK+KyywiFwrheJQRNhJTgRNWQh0A6BkFw4eMxnnZRwF5A2moUttGtfhNUOIX0vBBJDwD90zNDLHLlhJ5G04P6ZVI7a8Hk7f1UW7CKsxCajhisEWiHw7LPPmmOOOaZRpVNLCNKDqMITCkX8VSIszVUhIASaIsDN1bNmzWp8z4HuFStWFLKEmhEVxIdVVcZhj2CysDSBhYAQsGf4wrQ2pBIaHh7OjU7o9+JBwiD4HAd+FUWEVQWKakMIRIwAVhXWlSssCZ9++uncI8I/NX/+fJt40hWss2uvvbYyonLtirByq0UVhUD9EPj4448b128xuqIXn4a5q2iDa7xotxtFhNUNVNWmEIgEgXPPPdfcddddVlqi10dHR3NJjlW1YMGCdUIdOnXS5+r0v0oirLxIqZ4QqBkCWEeTJ09ujCpP+AJOdRL3uRtwfEiqOLbTDmIRVjuE9L0QqCkC4UW/XOI7MjKSuSuIfwqLqlkixap2AdtBLcJqh5C+FwI1RsBPmscwCTvwj9+sWrXKvPTSS4YLSJqVuXPn2qVhJ4GgRaEVYRVFTPWFQI0QwBcFaRW9Vo58WBAbRFUmc0NRKEVYRRFTfSFQMwQgLSyrPDcwubgqyKoXFlUItQirZpNPwxECnSCAbwo/FU71LOLCoiLhXqcHoDuRKesZEVZVSKodIVAzBIh8J//VxIkT7fKvHxaVLKyaTSoNRwikhIAsrJS0rbEKgcgREGFFrkCJLwRSQkCElZK2NVYhEDkCIqzIFSjxhUBKCIiwUtK2xioEIkdAhBW5AiW+EEgJARFWStrWWIVA5AiIsCJXoMQXAikhIMJKSdsaqxCIHAERVuQKlPhCICUERFgpaVtjFQKRIyDCilyBEl8IpISACCslbWusQiByBERYkStQ4guBlBAQYaWkbY1VCESOgAgrcgVKfCGQEgIirJS0rbEKgcgREGFFrkCJLwRSQkCElZK2NVYhEDkCIqzIFSjxhUBKCIiwUtK2xioEIkdAhBW5AiW+EEgJARFWStrWWIVA5AiIsCJXoMQXAikhIMJKSdsaqxCIHAERVuQKlPhCICUERFgpaVtjFQKRIyDCilyBEl8IpISACCslbWusQiByBERYkStQ4guBlBAQYaWkbY1VCESOgAgrcgVKfCGQEgIirJS0rbEKgcgREGFFrkCJLwRSQkCElZK2NVYhEDkCIqzIFSjxhUBKCIiwUtK2xioEIkdAhBW5AiW+EEgJgf8B/bgidJ9bi54AAAAASUVORK5CYII=
84	2019-09-16	\N	1	1	0134620224	syamirulamr07@gmail.com	\N	\N	\N	\N	\N	\N	\N	\N	pending	2019-09-18	kCiUx3nlBUO	\N	3	50.00	\N	1	IT	120301122	192.0.0.2	Yes	ISD1	data:image/png;base64,iVBORw0KGgoAAAANSUhEUgAAASwAAACWCAYAAABkW7XSAAARhklEQVR4Xu2dWagdxRaGKwpGwVlEQSHqi+CAJg6oKBoMEeMYUEENGnHCBCcUjPqggiSKEo1icEjUgMEJ1AQNimgMEpT44IAmUQQVg4pzUCE+qPf+Db2p07v32dW7q7tX9/kKDvfm7OqqVd/a57eqetWqSf/9vzgKBCAAgRYQmIRgtcBLmNhKAu+8805i9ymnnNJK+y0ajWBZ9Ao2tZbAli1b3Hvvveeefvppt2bNmmQca9euRbQieRTBigSSZiAgobrttttcOrNKidxxxx3uzjvvBFAEAghWBIg0AYGNGzcmovTiiy/2wUCw4n0/EKx4LGlpAhOYP3++W7p0aY/AySef7NatW5f8G8GK98VAsOKxpKUJSuDGG290Dz74YG/0559/frI0nDp1avK7I4880n344YcTlE7cYSNYcXnS2gQjoP2q6dOnjxl1usm+++67u61btyafET0U54uBYMXhSCs1EtAbuOuvv97tueee7uWXX05mME2VuXPnuhUrVvS6nzlzpnvjjTeSfyucIV0WfvXVV+6AAw5oyszO9ItgdcaVE2MgH330UW+ppRFLuPzlWJ0Uvv76a3fggQeO6dIXJl+wmGHF8QyCFYcjrdRAQMuv2bNnu99//73X26WXXprEPDVRzj33XLdq1ape1+ecc4575ZVXev9mSRjfKwhWfKa0WAEBzay0V+SLVbrs0p5R3WW8vSvZIjv32GOPxKwjjjjCyX5KeQIIVnmGtFAxAS299MYtK1bq9qyzznKrV6+u2IKxzcsO2SO70pKdXflL1+xntRrbsc4QrI45tIvDyW5s77333u6nn35KhqrPnnrqqVqHnV0KqvPspvrKlSvdnDlzErtuueUWd88999RqY1c7Q7C66tmOjCtv6XXrrbe6RYsWJSOUWEm06iraL7vsssvGdJcXGHrFFVe45cuXJ/Uuv/xyt2zZsrpM7HQ/CFan3dvuweUtvbTJvmnTJrdhw4ZkcFdddZV77LHHahuoQhO++eabXn+KaM+eHdSHCxYscPfeey8zrMieQbAiA6W5eATuuuuuvkPDv/32W/K7JUuWJB3VeexF/cqmtGgzXWKlt4HZ4s/E6rQxHn2bLSFYNv0y4a3KWwoed9xxSeoWXzjqisPSbE8xV+nG/2677ZZsuueJlZyn8AaFYNQtql3/4iBYXfdwS8enEIbsUisNvvRnL4OWZLGH7S/x1LYi7LX5Pqj4gttkrFhsDk23h2A17QH67yOQtxR888033YwZM5K6vhhohqNlYpUlO9s77bTT3Ouvvz5ul34UfF2iWiUDK20jWFY8gR0JgYULF7rbb799DA1lP3jhhRd6v/ODMvXLKs/pZd8K7rjjjm7z5s1uypQpQz02adKkpI426mUjpTwBBKs8Q1qIQEB7U1deeaX77LPP+sRq3rx5fSmG/bd1VYU2+PtQMkr7VppthR625ixhhC9GpgkEKz5TWixI4NVXX00i1rNFR1teeuml3HzofjBpFZHk2UPWRcVKY/FtJK97wS/FgOoIVhyOtFKCwAUXXNCXWlizEwVeHnTQQbkt+0u12PtYmlkpONR/I6jfFb39RlkklNxPRUtdBbxSyhFAsMrx4+mSBLKxTWouZDaS3ccKeSbEVF9k0mWgfjdKNL1uzTnjjDOSbvVGUW8WKeUIIFjl+PF0CQLZZZeauummm9z9998f1Kr2kj7++OOkbtnzenqrp7gpP6vCKMtA33B/fLNmzXKvvfZa0LioNJgAgsW3ozECebOrX375JckkGlJuuOGGXsT7vvvu677//vuQx/rqaLl33nnnuX/++af3maLYtewM3WAf1HH6ppC87iO5pu8hBCsOR1oZgUB2+ZUNXxjW5OOPP+6uvvrqXjXFYw2KPB/Uli96aZ2YR2lI4jfMi8U+R7CK8aJ2RALZGKeiQpFdUg6LPvdN1x6YloB+NP0+++yTbP6fdNJJ0Ubphzbo5pyyM7ZohrW0IQSrpY7rgtnZJWFRwRKDdMml/y9xCMk+mpdqWdHoWhoWnaEN84M/i6zr3OMwm9r8OYLVZu+13PbsDGuUIyz+xrtwjBdEqlmVwhX8vOt6psqzfv4RHYmhIt5ji2LLvwaFzEewCuGickwCeW8Jix6zye6DSQw0y8ouve6+++4k6+dff/3VG4LeAko0xzvEHGO8/rKwqqj8GHa2oQ0Eqw1e6rCN2YR4ocu6FEneVVsSLe0XpfcAal9Kwal+UXS8xKqO2Y5/xIdzheW+zAhWOX48XZJAXmjDE0884ZRiOLTktbHXXns5xT5t27ZtTBS9BEqznKpnVVnbfWGOFeQayqdL9RCsLnmzhWPRDOnwww93f/75Z8/6/fbbz3366aeFZj/ZiyryUNSdTtm3wd+vO/HEE927777bQm81bzKC1bwPJrwF+gNev379GA5F93q0oa5ZU3o1fBaqZmF6C9lk2WmnnZIZn0qREIwmbbbWN4JlzSMT0B5d6pDuN6XDH+WNmmZrxx57bHIF2Pbbb++OOeYYN23aNKeEe2effXbjZHV7zpNPPpnYwV7WaO5AsEbjxlORCeTtQ40at6S3j1YDNP3I91HHFxl9q5pDsFrlru4aqyWdZh1bt24dM8iiYQ7WCWXDMLqyAa9g3Pnz5yf4s0kYY/oEwYpJk7ZKEcj+MauxKoM6Sxlb4mE/LmtQ3FiJ5mt9VEK1evVq98ADD/T6veSSS9yKFSsqsQPBqgQrjY5KIBuXpXa6NsvSklWilc4mJVrahC+aIHBUxjGe039cVq1a5b744gv33XffjWny22+/dfvvv3+MbvraQLAqwUqjoxLIuwq+i7OsvHFqlqLsEZaLgnCVez+7dJfNRbNtjDJOBGsUajxTKYGJMMsSwDzRUjyZhKuOCPwiTtTSb+nSpX2prNM2dKuRBKvqgmBVTZj2CxPIu/W5i7MsgdFYFT/mz1h23XVX99BDDyX7dxZK3j2RqV1KyfP222+7Qw45pBZTEaxaMNNJUQL+xnT6bNf2stJxDQp61UxTs626jxGldq1cudItWrRo4Fs/HX/6+eefi7q2VH0EqxQ+Hq6KQF6YQ1dnWSlDBZZKJP7+++8xWCXeitKva1NeG+lz5sxxH3zwwUD36jagxYsXV+X+ge0iWLUjp8NQAnlhDl3P2qk3iNrHSi/X8FlpxqXZloRLOeezpwNCuY5Xb7zln57TPlXexbYx+g5pA8EKoUSdxgjoD1Svz9NSNP1MY4aX7Dgv13y2SYUOHH/88e7QQw91Z555pvvjjz+SCP/0PkVf0HRsST/+LE3/1jJb4rhp0yanHPmDStNCldqFYJX8YvF4tQT0x6c/Mn/G0ZXo8GHkJCg6slQkCFM3Dv36668Dm548eXLfknM8O5Q3TKl+JIgWCoJlwQvYMC4B/eFq5pC+SZtoB4cl2koCqDeK+tFh8arLCSec4HTWMZv4sOp+h7WPYA0jxOcmCGSjw2+++WZ33333mbCtLiMUtKnzespGUVXR/tnMmTPdhRdeWFUXpdpFsErh4+E6CfiphnfYYQf3+eefV7LxXOeYQvrSDEsXdHzyySdDq8+YMcPpUlml1tE9jek1Zkq7s2XLFvfvv/+6H374IWlHM1X9qP1TTz3VzLJvvEEiWEO/AlSwROC6665zDz/8cGLSRNiAz7uSTON+5JFH3I8//uieeeYZt3z58j4XnX766ckNQXVEn9f5/UCw6qRNX1EI+G8Oi2YmjWJATY3kvSlUnNZFF13Us0CzKEXFa3M+ryjVS11R6HVgQbDqoEwfUQn4m/DZG3KidtRQY1qiTZ8+3WnfLi2Ku9KSeFDslWZTOpuYLRZSQ8fEiGDFpElbtRHwM5R2aWmYJ1ahN2IrjurZZ59N4q30o9K1EBAEq7Y/MTqKTcC/9bkLS8OsWOmiV82qRjmSo4h1xU4dddRRsbE32h6C1Sh+Oi9DwL85uu2ZO8XBvz1IYqXxVXH8pgzzpp9FsJr2AP2XIuCfN9SMS2cN21h8sZoyZUoSjoBY9XsSwWrjtxubxxDwU9Eo8FHLw7aU7DJwu+22c2+99dZIy8C2jLmMnQhWGXo8a4JANhVNWy4p1ZJv9uzZvQ1yLQP1pq+p/FcmnDnECASrDV7CxqEE/Cj4nXfe2b3//vtJFgOrJS89chdeHFTNG8GqmjDt10bAD3U4+OCD3ebNm2vru0hH2TxfzKzC6SFY4ayo2QICfqhDXRcjhGLR0lWZOv0AT4mVBEx7b5ThBBCs4Yyo0TIChx12WC8P+Zo1a5zO1TVd8gJCJVZ6GyiRpYQRQLDCOFGrRQQeffRRd8011yQW6w2i9oaaDBFQ1LmO2qTR57ILsRrtC4VgjcaNp4wTUOI55Y9qWrTyxErnAjWzsnb3oHGXJuYhWG3wEjaORMAXLTVQ97m6ZcuWuWuvvdZt27atZ79SDmsPC7EayaUI1mjYeKoNBL788sskpkkpVlR22WWXJAle1ctD7VfpLJ820/2ilMPZ37WBoyUbmWFZ8ga2VEJAtxMr2Z1K1WcOFQyqVC9+ahj1qwtRld+KUo4AglWOH0+3gICWYNqET5dmVYmWHweWYtHm+sKFC5O7/CjlCSBY5RnSQgsIaJNbb+r8ouWZlmllizbWdcQmO6viTWBZsv3PI1jxmdKiUQISLe1ppdeFyUztZynsYZScU3pes6olS5b0Li9Nh86bwGq+BAhWNVxp1SgBzYIkWtm7/Y4++uhko3zWrFnBlusqrOeee66vPpvrwQgLV0SwCiPjgbYT0Fu8dGaUHYuOyCgl8XhvErUE1G3M2YsfNKvSMnPU2VrbudZhP4JVB2X6MElgvKvgJVwSHl+4NDtbv359LyDVH9TFF1+cXLlFqZYAglUtX1pvAYHnn3/eLV682G3YsGEka7t2M81IEGp6CMGqCTTd2CegnFpa0q1bty7I2GnTprkFCxZ07rLSoME3VAnBagg83doloKWfYrf0v/rx3yrKaqWI0RJQWSEmT55sdyAdtAzB6qBTGVI1BHTBxdSpU6tpnFaDCCBYQZioBAEIWCCAYFnwAjZAAAJBBBCsIExUggAELBBAsCx4ARsgAIEgAghWECYqQQACFgggWBa8gA0QgEAQAQQrCBOVIAABCwQQLAtewAYIQCCIAIIVhIlKEICABQIIlgUvYAMEIBBEAMEKwkQlCEDAAgEEy4IXsAECEAgigGAFYaISBCBggQCCZcEL2AABCAQRQLCCMFEJAhCwQADBsuAFbIAABIIIIFhBmKgEAQhYIIBgWfACNkAAAkEEEKwgTFSCAAQsEECwLHgBGyAAgSACCFYQJipBAAIWCCBYFryADRCAQBABBCsIE5UgAAELBBAsC17ABghAIIgAghWEiUoQgIAFAgiWBS9gAwQgEEQAwQrCRCUIQMACAQTLghewAQIQCCKAYAVhohIEIGCBAIJlwQvYAAEIBBFAsIIwUQkCELBAAMGy4AVsgAAEggggWEGYqAQBCFgggGBZ8AI2QAACQQQQrCBMVIIABCwQQLAseAEbIACBIAIIVhAmKkEAAhYIIFgWvIANEIBAEAEEKwgTlSAAAQsEECwLXsAGCEAgiACCFYSJShCAgAUCCJYFL2ADBCAQRADBCsJEJQhAwAIBBMuCF7ABAhAIIoBgBWGiEgQgYIEAgmXBC9gAAQgEEUCwgjBRCQIQsEAAwbLgBWyAAASCCCBYQZioBAEIWCCAYFnwAjZAAAJBBBCsIExUggAELBBAsCx4ARsgAIEgAghWECYqQQACFgggWBa8gA0QgEAQAQQrCBOVIAABCwQQLAtewAYIQCCIAIIVhIlKEICABQIIlgUvYAMEIBBEAMEKwkQlCEDAAgEEy4IXsAECEAgigGAFYaISBCBggQCCZcEL2AABCAQRQLCCMFEJAhCwQADBsuAFbIAABIIIIFhBmKgEAQhYIIBgWfACNkAAAkEEEKwgTFSCAAQsEECwLHgBGyAAgSACCFYQJipBAAIWCCBYFryADRCAQBCB/wFccFy3aBfYZwAAAABJRU5ErkJggg==
71	2019-09-16	\N	970303104	MUHAMAD SYAMIRUL AMRI BIN MAT ISA	01293818	syamirulamr07@gmail.com	\N	\N	\N	\N	2	\N	\N	0.00	Finished	2019-09-13	0HFu2LDWhP0	\N	3	50.00	\N	INTERN	IT	120301	192.0.0.2	Yes	ISD	data:image/png;base64,iVBORw0KGgoAAAANSUhEUgAAASwAAACWCAYAAABkW7XSAAAMYUlEQVR4Xu2dS6hNbRjH36OkDNxCBoRMjihEIQpjAwyOyMAtuUxcyoByTUxcSzJwLRMjzkRCOEW5DJCBiUJSilwK0/P5r1r7W3udvY+1zl577ffZ72+Vztd31l7reX/Pu3/nva13dfT+PRwHBCAAAQMEOhCWgSwRIgQgEBFAWFQECEDADAGEZSZVBAoBCCAs6gAEIGCGAMIykyoChQAEEBZ1AAIQMEMAYZlJFYFCAAIIizoAAQiYIYCwzKSKQCEAAYRFHYAABMwQQFhmUkWgEIAAwqIOQAACZgggLDOpIlAIQABhUQcgAAEzBBCWmVQRKAQggLCoAxCAgBkCCMtMqggUAhBAWNQBCEDADAGEZSZVBAoBCCAs6gAEIGCGAMIykyoChQAEEBZ1AAIQMEMAYZlJFYFCAAIIizoAAQiYIYCwzKSKQCEAAYRFHYAABMwQQFhmUkWgEIAAwqIOQAACZgggLDOpIlAIQABhUQcgAAEzBBCWmVQRKAQggLCoAxCAgBkCCMtMqggUAhBAWNQBCEDADAGEZSZVBAoBCCAs6gAEIGCGAMIykyoChQAEEBZ1AAIQMEMAYZlJFYFCAAIIizoAAQiYIYCwzKSKQCEAAYRFHYAABMwQQFhmUkWgEIAAwqIOQAACZgggLDOpIlAIQABhUQcgAAEzBBCWmVQRKAQggLCoAxCAgBkCCMtMqggUAhBAWNQBCEDADAGEZSZVBAoBCCAs6gAEIGCGAMIykyoChQAEEBZ1AAIQMEMAYZlJFYFCAAIIizoAAQiYIYCwzKSKQCEAAYRFHYAABMwQQFhmUkWgEIAAwqIOQAACZgggLDOpIlAIQABhUQcgAAEzBBCWmVQRKAQggLCoAxCAgBkCCMtMqggUAhBAWNQBCEDADAGEZSZVBAoBCCAs6gAEIGCGAMIykyoChQAEEBZ1AAIQMEMAYZlJFYFCAAIIizoAAQiYIYCwzKSKQCEAAYRFHYAABMwQQFhmUlVMoC9fvnTPnz93XV1dbsSIEcVclKtAoCQCCKsk0D7cZvHixa6np6dmKJLXzJkznc7Rz2XLlvkQMjFAoIoAwgqkQrx//95Nnjw5c2klsOnTp7vZs2e7gwcP0hrLTI4Tm0kAYTWTrkfXziusZOgrV650169f96g0hBIqAYQVUOYXLlzoHj9+XFXiKVOmuAsXLkRdQY1v6d/NmzfdvXv33O/fv6Nz16xZ465duxYQKYrqKwGE5WtmmhBXrVbWokWL3MOHD2ve7cSJE+7Tp09u//79dAmbkA8umZ8AwsrPzOwnfvz44UaOHFkV//Lly92NGzfMlonAwyKAsMLKt5s0aZL78OFDVaklLInL10PdVMXMzKWvGSovLoRVHmsv7qQZv0OHDlXFMn78ePf69Wsvu323bt1yS5cujeK9fPmyW7dunRccCaI1BBBWa7i37K7qFqqV9fPnz6oYOjs73Zs3b1oWV60bK9YJEya4X79+Rb8+cOBAtMSCI1wCCCvA3F+5csWtX7++T8lfvHgRLRr14ZCYzpw54ySt+FCXUDOYHOESQFiB5v7YsWNu7969VaX3pcslKa1YsaIS29ChQ92fP3+iLuu7d++87LoGWo1KLzbCKh25Pzfs6OioCsaXLpfEpC7rjBkzohbV6dOno9aWDo1hSayhH1qKorFIrZ9T3kI5EFYoma5RTnX/Xr16VfnN2rVrnbqLrTziSYHhw4dHi1g13qafs2bNqoS1ffv2SGKhHmke379/D6bVibBCrfV/y51+GLq/RaRlYNJ4lZ531M9Tp065HTt2VG6r/45bWfqf6hpKZqEdYiN5axGwDrVCJbBQDoQVSqZrlDMtAbW4NPDeqiOeDJg4cWL0JUxvf5MUbFporYq5zPtKVkuWLKkISq1QdQ19mSgpgwXCKoOyp/eotSart7e3JdEmW1f1xtKSs5utlmvZkCRwzewmW1MPHjyIWskhHQgrpGynylpreUMrhCVZaVYwfqax3phM+lnIULqF4iI+8RKPEFtWcdVFWAELS18EdTGSRyuEpceCuru7ozC0K4R2h6h3JGc2fX+kqIiqlf6jou6yZk5D6gYmOSKsImqV0Wv4IKzkOFqW2b/kzKYvyzCakX61Jjdv3uzu3LlTubwmRSSrkLe2RljNqG1GrpmeHlfYZbawtDRh586dEa2sX8Z58+a5p0+fRp9ZsGCBe/TokRHa2cJUt0+zoWKTXOXvw5KTbCVo7lkIq7l8vb56ekyozGUNya6OxmQUS5aWg6b0kwPPPj1O1GiyJSktBk2KStfcsGGDu3jxYqOXb4vPI6y2SOPACpEWVll/xdOP3uSRztatW9358+crBZbkNFtmeUxHPNTSjNdWxYWTyPW70GYC+6vNCGtg3/W2+FS6S1jGs4S6pwb641ZE3nvqS60vcHJPL8lK0srSQvMpcfHjNbV2fNWCULVCLYu4GawRVjOoGrlmetA9T0tnIEVMyyrLIHut+9Qae7Mkrf5EpfKqpavuoTUBD6RO5P0MwspLrI3OTwpr2LBhffbIKrKoaVk12v2stYZM0lKLzddWiWLWGFW665fsAkpUbFJYv+YhrCK/lcaupbflbNq0KYpa7yDUrqPNONKyUndHsmy0BaEv9tWrV/uErNnDI0eOeDP2o1j0Qo/0YHoycO31JVmF+HxknjqHsPLQarNzk8sKGm3x1EPTLFnF96v1eJF+N23aNHf27NmWSutfXb+4+6e1aL62Cn2r8gjLt4yUGE9yhXkznktLP1JSVMsqjUhdLImrVmtr27Ztrqury82fP98NGTKkFLqKR12//rbq0R8IRJU/HQgrP7O2+URy1XjReyqlB8abJatkMtTlWr16tbt9+3afHI0dO9aNGjXKrVq1KuqKquyKqdFuaXwjlbenpyfq6tbbxnnQoEFu3759kaiKum/bVMaMBUFYGUG142nxc3la79Pf+EresqfXWZUhq2SMat1kfVlFLK/4Z3ydjx8/uqlTp7o5c+Y4Pb8Xjy1JTNoNVT8lJ23d/OzZs3756fOKRy1aRJW3NlWfj7Aa42f208kWUJEr3NOzd2XLKk6IZPLkyRN38uRJ9+XLl9LzpD8CEpQmBlj4WRx+hFUcS1NXSoqlqIeI07LK+nxgs8HdvXs3moH79u1b9Cqz9CvOirq/yis5xf+Kui7X+Z8Awgq0NiSXBBSxTUtaVpqm1//ztQukFpi6wWppapA8XhuleNX9+/z5s9PbeiQ5/U5736vVFM/m6Rx9fty4cW7Lli3M8pX0PUJYJYH27Tbxm2mKGL9Ky6pZSyR8Y0g85RNAWOUzb/kdk4JpVC61ZMVjJS1PcdsGgLDaNrX1C5ZcztDI+qvjx4+73bt3V27UqPwCTAVFzkkAYeUEZv10TcHPnTs3Ksbo0aMHNIOmsRtth5JcGImsrNcMG/EjLBt5KizK5J7oe/bscUePHs117fQLI/RhbRdz//79XNfhZAgMhADCGgg1o5/ZuHGju3TpUhS9Vlvr3X55Ds2s6VVTyd0GfFm6kKccnGuXAMKym7tckSe3kuns7IzWI2U9JCh1AdOPnNR74WnW63IeBPISQFh5iRk9f9euXZUWVdaB9v4e4mVHTKMVwXjYCMt4ArOGr3GmeCvef72A9F/bokhWam2xd1NW+pxXFAGEVRRJz68zZswY9/Xr1yjKWi0stabOnTvntOr97du3dUujx3jYbcDzZLdxeAirjZMbF01vmdHbZuJDLSQNnms9llpKalElX52VRhI/yKsdB2hVBVBhPC4iwvI4OUWFVmv/8yzXlqjUmqJFlYUW55RBAGGVQbnF99DaKbWk9K+7u7vfaAYPHhw90Hv48GH2b2px3rh9XwIIK7BaobEqtbj0T+/2U/dQ3bx4SxT2Fg+sQhgrLsIyljDChUDIBBBWyNmn7BAwRgBhGUsY4UIgZAIIK+TsU3YIGCOAsIwljHAhEDIBhBVy9ik7BIwRQFjGEka4EAiZAMIKOfuUHQLGCCAsYwkjXAiETABhhZx9yg4BYwQQlrGEES4EQiaAsELOPmWHgDECCMtYwggXAiETQFghZ5+yQ8AYAYRlLGGEC4GQCSCskLNP2SFgjADCMpYwwoVAyAQQVsjZp+wQMEYAYRlLGOFCIGQCCCvk7FN2CBgjgLCMJYxwIRAyAYQVcvYpOwSMEUBYxhJGuBAImQDCCjn7lB0CxgggLGMJI1wIhEwAYYWcfcoOAWMEEJaxhBEuBEIm8B8PRRyZoFLmeAAAAABJRU5ErkJggg==
77	2019-09-16	\N	970303104	MUHAMAD SYAMIRUL AMRI BIN MAT ISA	0134620224	syamirulamr07@gmail.com	\N	\N	\N	\N	\N	\N	\N	\N	pending	2019-09-18	N1EaOJJzDnj	\N	3	50.00	\N	INTERN	IT	120301122	192.0.0.2	Yes	ISD	data:image/png;base64,iVBORw0KGgoAAAANSUhEUgAAASwAAACWCAYAAABkW7XSAAAR3UlEQVR4Xu2dW6hWRRvHRwgqyHYWQlcdiKhIswgDQ9kJ0gFK29DBgjAjUiQ0E/LSrBu7KomCSkyhIxsquykiqCyDKMo0OghSXUUWWd0EUe38L75nf9Pyfd+9zmvNrN+A+H3ttWbN/J7Zf2eeeeaZWVPHiqNAAAIQCIDALAQrACvRRAhAICGAYDEQIACBYAggWMGYioZCAAIIFmMAAhAIhgCCFYypaCgEIIBgMQYgAIFgCCBYwZiKhkIAAggWYwACEAiGAIIVjKloKAQggGAxBiAAgWAIIFjBmIqGQgACCBZjAAIQCIYAghWMqWgoBCCAYDEGIACBYAggWMGYioZCAAIIFmMAAhAIhgCCFYypaCgEIIBgMQYgAIFgCCBYwZiKhkIAAggWYwACEAiGAIIVjKloKAQggGAxBiAAgWAIIFjBmIqGQgACCBZjAAIQCIYAghWMqWgoBCCAYDEGIACBYAggWMGYioZCAAIIFmMAAhAIhgCCFYypaCgEIIBgMQYgAIFgCFQiWO+++67bvXu3u/TSS92qVavcaaedFgwAGgoBCIRDoLRg/frrr27OnDn/6fGdd97ptmzZ4s4555xwSNBSCECg8wRKC9bLL7/sVq5cObCjN954o9uwYYO76qqrOg+CBkIAAt0nUFqwHnzwQbd169aRPdVMS8+tWLGC5WL3xwQthEBnCZQWLC3/5L/KUuTbslmX/F0UCEAAAnkIlBYszZ6+//775JsLFixwjz32mNu1a9eMIibBuu+++5h15bEWz0Kg5wRKCVZ6Ofjss886zbhUvvvuu0S4JGC//fbbUMzMuno+Auk+BHIQKCVY/uxqbGwsEalBIQ0mXJ9//vnIptmsS6ERFAhAAAJpAqUESwJjIqTdQM2mRhUJmi0ZR826zEmPcDFgIQABn0ApwVLA6NKlS6fr+/bbbzPHXr322mvJknHPnj1DLSLh0jKTsAgGLQQgIAKlBEsVaNfPREfBovJr5SmadUm8NPMy5336fX1DwkUEfR6yPAuB+AiUFiwJjpaGtsQ7evRoYWEx4XrvvfeOIy2xevXVV5ltxTcG6REEMhMoLVj6kh+LlcWXNVPr9u/fn4Q8DBIu/XfN5JhtzUSRn0MgPgKVCJZ/nlBCollWFcUc9OndRfm23nnnncz+siraQh0QgED7BCoRLHVDM5/t27cnPXr00UeT/5+3vP/+++6VV15xcuZrljWqnHjiiW7hwoXuhBNOSJaJmnVRIACBuAlUJlj+LOuUU05xy5YtS3xbmg2Nj48PnQ1JmHS054UXXnBHjhwpTHvv3r1uyZIlhd/nRQhAoPsEKhMsddXfMUx3XeKln1uxWZSEblSR2FmRg3/YTuL8+fPdgQMHuk+cFkIAAoUJVCpY6bisoq2aN2+e27RpUyJwg5zrEjktOdOHrpcvXz4yrqtoe3gPAhDoBoFKBUtdkpgcPHjQHT58OPFFZc3koKM9EqjFixe7u+++OxMdzbiuueYad+jQoenn9b58YRQIQCA+ApULVhqRHcdRjFV6OafsDnKYS6jKRLOvXbvW7dixw/3999/J52+66SY3OTkZn7XoEQR6TqB2wfL5Srz0R6WMQA2ymWZVcvT/+eefyY+Jju/5yKb7URJoVLDqJphOd0O8Vt3EqR8CzRKISrB8p7+Wmwo45UhPswOKr0GgTgJRCZZAzZo1K+H12WefJYeqLd+8ouZ1bIgCAQiESyBawdq8ebPbtm1bEjEvf5Yc/qtXr3Y7d+4M11q0HAI9JxCdYCmsYd++fe6ss86a3pW0uK2XXnrJXXTRRUnWB+5M7PnIp/tBEohOsHw/lg5I+7uRShiogFMtG3Xe0fLPB2k5Gg2BHhKITrBkQ0vdLLGSaPlFYRVaIsohr78126JAAAJhEIhSsDSTkr9KJT3LMrPYuUdCH8IYqLQSAiIQpWCpY3ajj/5WrvlBRbuIWhYqW2rRlDgMIwhAoDkC0QqWP8vy70tMo9UuokRLS0QtIbVEJJtpcwOQL0EgD4FoBUsQJEBKsywBUlzWqJ1BS0BIoGme4cOzEGiWQNSC5e8YZnGw63nNthSzpWM+ZDFtdjDyNQjMRCBqwVLn/QsyhjngfUjaRdQ7mplphqblJDFbMw0jfg6BZghEL1gKGlWYg2ZNEh4tDbP4qOwgtZ6VaPnZUpsxDV+BAATSBKIXLHVYu4ETExNJ3zV7kgBlKVoiyrclhzzXi2UhxjMQqJdALwSryNLQsGuGJpHT7daaqXGsp94BSe0QGEWgN4LlLw0lPPJnZVkaGjwtEZXxQTFbOOT5pYJAOwR6I1jppWGRQNH0sR4tLfOIXjsm5qsQiIdArwRLZrPYrJNOOsm99dZbue8y1ExNMyxdGotDPp5fBHoSBoHeCZZmSeeee+60dbKEOgwypRzy2jnUEhGHfBiDnVaGT6B3giWTKS/WbbfdNm09hTrIr5W3aLalGZt2EfW+lohF6sn7XZ6HQF8J9FKw0v4sLe000yoqNn7Mlv43qZj7+utEv+sm0FvBElj/lh2JlrI6FHWi+8d6uGKs7mFL/X0l0GvBktH9ozuaYWl5WLT4MVuKqlfMVtFZW9E28B4EYibQe8GScS1DqQlY1kj4YQPD8mwpFTNLxJh/fehb0wQQrGPEtXMo0dKOn0qRGK204fyYLfJsNT2s+V6sBBCs/1nWT0Wj/6TlXBUHns1PxhIx1l8h+tUkAQTLo512wpfZOfSN6MdscaynyeHNt2IjgGClLOo74cuGO/hV+3m22EWM7deI/jRFAMEaQNp3wlcpWvqUDlBv3Lgxyc0l575/b2JTRuc7EAiVAII1xHJ25lA/rjrPux+zJQEj0DTUXx/a3TQBBGsIccVUaemmVMkqs2fPdq+//nplMyI/ZkvLUO1MFg1abXrQ8D0ItEUAwZqBvO/TOvPMM90PP/xQqa3M0U9ywEqxUlmkBBCsDIadP3++++KLL5Inq4jRSn/SDzRVOAV+rQxGaeER2UXBwNo9prRDAMHKwN3PCZ/ljsMMVR73iB9oSuhDEYL1vuPH6U1NTdX7MWofSgDByjg4tKunm3dUstxxmLHa/zwmv5Zya+3evZtbqIsArPEdcw2sWLEiudSE0g4BBCsj9127drnVq1dPP62dPe3w1VH0LQmXEg1y6UUdhPPVqX9IZAv9XdUJiHwt4GkjgGDlGAv+LEuvKY5K//LWUfbv3z99C3VVEfd1tLMPddrGyNlnn52cO6W0RwDBysHe92XZa3WKloVWKKNp3qwPH3zwgVu8eHGO3vHoIAKywWWXXZYIVZ22hn42AghWNk7TT/kBpfYftXzT7mFdxfwnWZzxWk4+/vjj7tNPP02ag4O4nFXMFTA2NpYsCSntEkCwcvLXoNXS0FLR2Ot5bpTO+cnkcZvdpc8haun44YcfusnJSaedrHT56KOP3BVXXFHkk7xzjIB2hWVrZlfdGA4IVgE7SCQ002patMyvpe+eeuqp7sCBA0Nbr5/fddddtc78CqAL6hWbXcl3JfacRGjffAhWQRsME626loe//PJLMsuSA/65554b2moJ6dq1a92tt95asGe8ZgRsk4XZVXfGBIJVwhbDRKvKre9Dhw65F1980T3xxBPup59+GtraG264wd1xxx3u5ptvLtEjXjUCtgRnZ7BbYwLBKmmPQaJVRUqagwcPumeeeSa5Q3GUUKn51157rdu8eTNHekra0n9dvsI9e/a4LVu2JDu0lG4QQLAqsMMg0Tr99NPdzp07nSKj8xY50FeuXOn++eefka9qybJmzRq3bds2NzExkTiGKeUJaGNlzpw5SUW6+k2cKd0ggGBVZId0JLxVqywMCnkYdaBZMT779u1zb7/9tvvxxx/dG2+8MbJVy5Ytcw899JBbtGhR8pw54xWNLdHCOVzOqLYcXLBgQcKW0h0CCFaFtvBT0aSr1b/S+rkETP+CS6Q+/vjj5M+RI0dmbMWVV17prr76anf77be7888//7jnLb+WzjtynGdGnCMf0MbJ9u3ba8nMUa5lvI1gVTgGJBpyfL/55pvur7/+qqTm6667zj3wwAOZ/VN2eJrjPMXxW4psXarLRbjFOdbxJoJVB9VjdWqJKGetZXjI85m5c+e65cuXux07duR5bfpZ+7YOZ1dxVVmhRgT6ku+/4pRA94yIYNVsE/lDJCDacRpUzjvvPHfyySe7pUuXujPOOMNJrORwl9O+TLG88RLNug5ol2lfV9+1vFfj4+MDTw50td19aReC1aCl7eiMnOLyadXtHLekgDq8yw5iNkNbOIN8hc8//3y2l3iqMQIIVmOo2/mQZXwgtW82/nZ2cO/evW7JkiXZXuKpxgggWI2hbvdD9957bxI6wQ7icDv4ZwfJe9XueB32dQSrm3appVVywuuP/Grsfh2P2FIH1ZlNthbD9qhSBKtHxlZXLchU4Q844/9vfM2oFHirQnR7d38pEKzu2qa2lpkzXjuTdSYerK0DNVRswaJEt9cAt8IqEawKYYZWlXbElFtLfq26dyy7zsac7XXcO9n1vofUPgQrJGvV0FbFacnZ3Ge/ln8O9OjRo70X7xqGWWVVIliVoQy3IomVlkR9DTI1Zzt3DnZ/DCNY3bdRIy2UM15LRN29qBxQfSnqtwJrVcgs2n2rI1jdt1FjLVSQqWYbygXVF7+WZdggs2hjw6zUhxCsUvjie1mipeWh7kLUjCPmeC3/Rmdir8IYywhWGHZqvJXyZ1mQ6ajkg403rMIP2o3OqpLYqwrB1lgVglUj3NCrtt2zWH07disOmRnCGakIVji2aqWllq9ezviYgkz9UIYqbzlqxUg9+iiC1SNjF+2q7SAqMj6WNDUWyoCzveioaOc9BKsd7sF91XYQFQKgmVbIkfF+KAOR7WENRQQrLHu12loTLcutFapo+ZeFENne6pDK/XEEKzeyfr9gCQF1BlEXXYQmWn7O9lWrViXHkijhEECwwrFVZ1pqV4opVks3y4QkWoQydGYYFWoIglUIGy+JgJZWulwjpCvFCGUIe+wiWGHbr/XWKypeyypdsNH1qHg/lCHW2LLWB0TNDUCwagbch+pDmWkRyhD+aESwwrdhJ3og35Cud9fMpYuXtxLK0IlhUroRCFZphFRgBLosWoQyxDFOEaw47NiZXshPtH79evfwww87ZUDoStEFE8plf8EFF7ivv/66K82iHTkJIFg5gfH4zAQsdEB/dyEZoB97pfaoXZQwCSBYYdqt8622HbkuCIRSQE9MTCTM2B3s/NAZ2UAEK2z7dbr1JhTyH7V5aNr3XylmLNb8Xp0eDBU1DsGqCCTVDCYg0ZJgaIbTlmjZFV5q4dTUFKYKmACCFbDxQmm6LQ/bmGn5waJckhrKiBneTgQrfBsG0YO2loeKvteZRxXytgcxVPBhhW+mOHpgs52mhMOfXYmgDmp3/fhQHJaurxfMsOpjS80DCJgDvO60xIpsV4ZUhTSokFk0juGIYMVhx6B6Ycu0unbsJFISK4mWFTKLBjVEhjYWwYrDjkH1wi62UOZSXa9VdT4tnWVU2hsrzK6CGh74sOIxVzw90Z2HGzduTGKiqrxl2k/QZ7TqmsnFY41wesIMKxxbRddSmwldeOGF7quvvirdPz+inaVgaZydrADB6qRZ+tEo+ZrmzZvnZs+eXVqw/GvnjR452+MbRwhWfDYNqkdz5851P//8s/v9998T4Spa0n4rBYkqC2rV/rGi7eO9agggWNVwpJaCBNasWeOefvpp98knn7jLL7+8UC1+cj5VMDY2FkTK5kKd7flLCFbPB0Db3d+6dWuS7kXO9+uvv95t2rQpV5MUHLpu3Tr3xx9/TL/XhQwRuTrBw5kJIFiZUfFgXQQUM6Xlm8pTTz3l7rnnnhk/JaFSSmY/1kovsRScEV3QDyBYQZsvjsZLrJ588kk3OTmZdOiRRx5xt9xyi9OVXOkigVI4hAlc+ueEMMQxJob1AsGK277B9O7LL790F1988X/aK4e5ouL1R/9bKY4H3dQsn5Wc7vfff7+75JJLgukzDc1PAMHKz4w3aiKgeKxvvvkmc+1a/uleRJ1PpPSDAILVDzsH00vNorTc0x8t/yw1jN+B8fHxaUd9MB2joZUQ+Be2Km3Gmc5qqwAAAABJRU5ErkJggg==
78	2019-09-16	\N	970303104	MUHAMAD SYAMIRUL AMRI BIN MAT ISA	0134620224	syamirulamr07@gmail.com	\N	\N	\N	\N	\N	\N	\N	\N	pending	2019-09-18	EY22xwPh7pG	\N	3	50.00	\N	INTERN	IT	120301122	192.0.0.2	Yes	ISD	data:image/png;base64,iVBORw0KGgoAAAANSUhEUgAAASwAAACWCAYAAABkW7XSAAAOCElEQVR4Xu2dW4hO3xvHl1+SQxMuxJSzUCjcIedCiZAQNyg3RCjhQuGKi8npRkk5pGQoFCkpXKCUnHJBckiiQU7ldMHv993//35bs70z8x5n7/W8n1UTxrvXXs/nWfv7rvWsZ63d4c9/xVEgAAEIBECgA4IVgJdoIgQgEBFAsOgIEIBAMAQQrGBcRUMhAAEEiz4AAQgEQwDBCsZVNBQCEECw6AMQgEAwBBCsYFxFQyEAAQSLPgABCARDAMEKxlU0FAIQQLDoAxCAQDAEEKxgXEVDIQABBIs+AAEIBEMAwQrGVTQUAhBAsOgDEIBAMAQQrGBcRUMhAAEEiz4AAQgEQwDBCsZVNBQCEECw6AMQgEAwBBCsYFxFQyEAAQSLPgABCARDAMEKxlU0FAIQQLDoAxCAQDAEEKxgXEVDIQABBIs+AAEIBEMAwQrGVTQUAhBAsOgDEIBAMAQQrGBcRUMhAAEEiz4AAQgEQwDBCsZVNBQCEECw6AOtEjh37pw7f/68W79+vRszZgy0IJAqAQQrVfzZv/nUqVPd9evX3fbt292OHTuy32BaaJoAgmXaveUbFwvWlClT3LVr18qvkBogUAYBBKsMeLVwaSxYAwcOdM+fP68Fk7ExwwQQrAw7JwtNiwVLbfn48aPr0aNHFppFG2qUAIJVo44v1GxfsK5ever0bwoE0iKAYKVFPpD7zp8/P1olVNm7d6/bsGFDIC2nmRYJIFgWvVpBmyRQ+/fvj2qcN2+eU5oDBQJpEUCw0iIfyH2VyrBz586otYpfKY5FgUBaBBCstMgHcl+lMkybNi3X2rNnzzpNE2utXLp0yTU2NroXL164pUuXupkzZzqtnFLalwCC1b68g7vbp0+fXM+ePXPtXr58uTt69GhwdpTSYE1/V69e7X7//u2ampr+qmLcuHFu8ODBbvbs2W769Omuvr6+lNtwTREEEKwiYNXqR/2VQjFQPpb10cW9e/fc5MmT3devXwt2+6xZs9zatWvdnDlzCr6GDxZHAMEqjldNfnrfvn1u48aNOdutb9PRqHLs2LHR9M8vixYtciNHjox+39ooU7G+I0eO1OTUudoPCIJVbcIG6tcDOmjQoJwl1oPv2uR9//79nL2a+p04ccINGTIk9zuJ2uHDh93w4cNdXV2de/LkiTt58qS7ffu2+/btW/S5FStWRHswrY9G27OLI1jtSTvgeyWnhVaD7xKZY8eO5Tw1evToaA9loRn+EnfVoQ3jKrpOqSE67aLQOgLuJlVvOoJVdcQ2bqAp0MqVK3PGWMzJSk59u3fvHk3/ShEaiZxSQmLh0ihL/9aiBaV0AghW6exq6srkaqGMt7S3UEF2xa38UolRZFK4NFJVfItpYmmPD4JVGreavCo5XdKDp9+FXiTGyjWTaMWl0gsLSeHSNFFbnSjFEUCwiuNV059WXtKCBQvMTQv9bH4ZV83prqbWut/Lly+jE1w1imO0VfhjhWAVzopP/kegQ4cOzTj8+fMnaC4aXWkFVH+qDBgwIBpplRK3KhSE7qWRqTaVd+nSxS1ZsoTVxDzwli1b5m7duhWJenw8N4JVaC/jcxEB//QG/Tv0I2eSgfb2tKehocHt3r3bffjwIWIbryYy4nLuypUrbsaMGRGXYcOGucePH0d/R7AQoqIIWEsilThoeqaSxjHQGm2JqX4+f/4ctYP8LRelksR7WCVcly9fRrCKelL5cEQguZrWsWNH9+7du6pOoaqFPmlLe46ukjYpfUKxLT8HrJaFy0+j8RdAGGFV62kwXG/nzp3dz58/cxYqKVIjhNCKf9aXYlfJrThp2KORhYQqHvXFIy6tKFYzrpaGra3d018IQbCy5p3A2qNgqLah+OXu3bvBvbfQnw5m7TRVfQHooY2nibWWMd/S0dyMsAITiyw0V3EXdSh/v11ob9VJTgezeAKFOEu04hNf5ftaEK7k3lU/QRnByoICBNiGfJnhWRultIbV/wb3g7pZdIUeYE1f47P1Y+HSKMziVh8/QTk5VUewsthDA2mTHwOKHyKNVEKItSj3Ko5ZrVu3zh04cCDz1PPFtzSy1ReFlVNgk1vAkkm8CFbmu2m2G+jHgdTSUE4k9RNg01wdLMW7yfiW6tCIUcHp0F/Dltx1kNwihWCV0mO4Jkcgeea7/iOL8SDfZck2h5itny9/y4JwJVegk2EGBAvxKZtAcmqob3mNWrJa/G/xNJJFK8klX/6W6tcUUQ97SFnzp0+fdosXL26GJ3liBoJVyd5To3Xp214PRrwELwxZnmb5AfdKn8qQVhfQIoi+OOLzt+J2KIAdSg5Xcp/qP//8496/f9/sJSgIVlo9zNh9kwf8ZTXNIRnUDTF/rLWuoxM1JFx+4mkIqRB696VGvn6R2OoII78gWMaEI01zkmehZzHNwRfWrGS3V8Nn/jE2cf0SrvjU06yt5A4dOtQ9ffq0GYq3b9+63r17I1jV6CDU+fc+Qz0UWUtz8KeDoW4pKqavSbg04vKn6506dXKnTp3KTCpEvtGVhFXT9WRhhFWM9/lsmwSSAXgFfxU4zUJJZlBnfTWzksxaSoVI+7jmCxcuuLlz5/5l6qNHj9yIESMQrEp2Aur6m0C+AHxWpob+0Th6G45/JHIt+FK+0YtEFOfyi0Yzab3Vp3///u7Vq1fN2tPY2Oj0Dsh8hRFWLfTUdrYxGYDX1FCrhvGpke3cnNzt/BiblfPoS2GZPNNMdaTxVp98aQytiZXaiWCV4nGuaZNA8oUVEguJVprB3njZXK/vio9EbtMQox/Q6FLTdX81MRYuTeu1Y6HavpowYUJ0BLKKjorWWWAtjaxiNyBYRjtk2mblO9EhzXiWn90eyvah9vBhMuYY37PaqRDJQPuuXbvc1q1b2zQZwWoTER8olYC+xbUq569QpbUy52e31/J0MJ8vJeYSLv+4oGrGuJTNrulgXIrZB4lglfo0cl1BBJLxLF2URhDen6LW0upgQU76/4fy5W4lR1z5Ug0KvYdWaTdv3txMrHRtW3Erv34Eq1DafK5kAskd+KqovUc5cf4V8au23SjhUmA+34irvr4+ei2Zjn0p5mQI1blt2zb3+vXrZg1oKd+qpVYiWG37j09UgEAyCN/eotW1a1f3/ft3N2rUKPfw4cMKWGS/inzbfJJWS7T0o9GTfhS77NevX/TGm27dukVBdYlVvlKsWKkOBMt+v8uMhflEK7kbv1qNjVcIFy5c6M6cOVOt25isV8Ii0UmuKJZjbKmb4xGscqhzbdEE/K0x8cXV3oDsZ7i391S0aEAZvUAjpy1btkRbevxFlGKbq3wvLbwoyF9KQbBKocY1ZRFIbpLu06ePe/PmTVl1tnaxH/gv9Zu9ao0LsGKtKkr4FSz/8eNHQRYoWK+3LektzuUUBKscelxbEgF9W0+cONFpv1hclDCoB6Aaxc81CvF00WowqUSdv379cjdv3oyqqqurc1+/fo3iVooRaruNAvQSqGKC8221C8FqixD/XzUCyXwcidaaNWsq2sHV+Pjc+dBPF62aIwKqGMEKyFnWmqqpxaZNm9ydO3dypml6uGfPHrd06dKKmOvvm0sj/6siRlBJjgCCRWdIlYBES9s09GdcevXq5ZqamspulzLttbyuKajyrxR8r/b+uLIbTQWtEkCw6CCpE5BYaeOrn69TSo6Ob4gvVvq9lbPbU3dWyg1AsFJ2ALf/H4EvX764SZMmuQcPHuSQlCpaGlGNHTs296JUNjvb6WUIlh1fBm9Jvn2Hffv2datWrcp7XG5LButUiPi17rV4UF/wHaEVAxAsy94N0LZ853vLjPHjxzuJz8GDB1u0SlPLhoYGd/HixegzesmEpobErQLsCC00GcGy40szlki0jh8/7p49e/aXTcrzUfqDcnuUpiAx0mhKq4HJI49JEjXTJXKGIFj2fGrCIq3oXb582R06dKhZ2kMhxknIlCyqqSHFFgEEy5Y/zVmTL+2hJSMVXNcG60pmVpsDGrhBCFbgDqyV5j958iQ6LeDGjRvNjjLRlFAjKf0oo51imwCCZdu/WAcBUwQQLFPuxBgI2CaAYNn2L9ZBwBQBBMuUOzEGArYJIFi2/Yt1EDBFAMEy5U6MgYBtAgiWbf9iHQRMEUCwTLkTYyBgmwCCZdu/WAcBUwQQLFPuxBgI2CaAYNn2L9ZBwBQBBMuUOzEGArYJIFi2/Yt1EDBFAMEy5U6MgYBtAgiWbf9iHQRMEUCwTLkTYyBgmwCCZdu/WAcBUwQQLFPuxBgI2CaAYNn2L9ZBwBQBBMuUOzEGArYJIFi2/Yt1EDBFAMEy5U6MgYBtAgiWbf9iHQRMEUCwTLkTYyBgmwCCZdu/WAcBUwQQLFPuxBgI2CaAYNn2L9ZBwBQBBMuUOzEGArYJIFi2/Yt1EDBFAMEy5U6MgYBtAgiWbf9iHQRMEUCwTLkTYyBgmwCCZdu/WAcBUwQQLFPuxBgI2CaAYNn2L9ZBwBQBBMuUOzEGArYJIFi2/Yt1EDBFAMEy5U6MgYBtAgiWbf9iHQRMEUCwTLkTYyBgmwCCZdu/WAcBUwQQLFPuxBgI2CaAYNn2L9ZBwBQBBMuUOzEGArYJIFi2/Yt1EDBFAMEy5U6MgYBtAgiWbf9iHQRMEUCwTLkTYyBgmwCCZdu/WAcBUwQQLFPuxBgI2CaAYNn2L9ZBwBQBBMuUOzEGArYJIFi2/Yt1EDBFAMEy5U6MgYBtAgiWbf9iHQRMEUCwTLkTYyBgmwCCZdu/WAcBUwQQLFPuxBgI2CaAYNn2L9ZBwBQBBMuUOzEGArYJIFi2/Yt1EDBF4F+FwxiojSzmbgAAAABJRU5ErkJggg==
79	2019-09-16	\N	970303104	MUHAMAD SYAMIRUL AMRI BIN MAT ISA	0134620224	syamirulamr07@gmail.com	\N	\N	\N	\N	\N	\N	\N	\N	pending	2019-09-18	Vw5wHNkbNfj	\N	3	50.00	\N	INTERN	IT	120301122	192.0.0.2	Yes	ISD	data:image/png;base64,iVBORw0KGgoAAAANSUhEUgAAASwAAACWCAYAAABkW7XSAAARlklEQVR4Xu1de4iWRRc/hkV/ZJelFZQttSSjNJOwC0EqxEaXpay2DIsywy4IpYVEdJMSuygVVEIXKmgV1w1LVjMFzSBLqbTLRtldu4HbVlgSRfh9v+Gb95v3uu/zvs/7PnNmfgOLu+7zzJzzO/P+9syZM2eGHPhvEzYiQASIgAIEhpCwFFiJIhIBImAQIGFxIhABIqAGARKWGlNRUCJABEhYnANEgAioQYCEpcZUFJQIEAESFucAESACahAgYakxFQUlAkSAhMU5QASIgBoESFhqTEVBiQARIGFxDhABIqAGARKWGlNRUCJABEhYnANEgAioQYCEpcZUFJQIEAESFucAESACahAgYakxFQUlAkSAhMU5QASIgBoESFhqTEVBiQARIGFxDhABIqAGARKWGlNRUCJABEhYnANEgAioQYCEpcZUFJQIEAESFucAESACahAgYakxFQUlAkSAhMU5QASIgBoESFhqTEVBiQARIGFxDhABIqAGARKWGlNRUCJABEhYnANEgAioQYCEpcZUFJQIEAESFucAESACahAgYakxFQUlAkSAhMU5QASIgBoESFhqTEVBiQARIGFxDhABIqAGARKWGlNRUCJABEhYnANEgAioQYCEpcZU2Qm6c+dO2bJli1x88cUyevTo7AThyNEjQMKKfgpUBuDVV1+V6dOn5x7asWOHnHrqqUSNCGSCAAkrE9j1DHrllVdKd3d3nsD4ubOzs+FKfPDBB/LWW2/JTz/9JB9//LG8/vrrRWPC43vkkUfkrLPOkra2tobLxAGyRYCElS3+3o/e0dEhvb29RXJ+8cUXMnbs2FTl//bbb6Wnp0fWrl0rb775ZqK+TzvtNIGs9913X6L3+LAuBEhYuuzVdGlBHNOmTSsa9/zzz5d169alIs+LL75oiGb37t119wfP7/bbb5czzjij7r7YgX8IkLD8s4lXEsHrGTNmTEmZNm/eLFOnTq1JXhAhAvn3339/ovfhSaEddNBB5t+//vpLDjvsMHnnnXdy/Rx88MHyzDPPyHXXXZeobz7sPwIkLP9tlLmEQ4YMKSvDnj17EsWOQFLPPvusdHV1Va3XcccdJ4sWLZIZM2aUfWfbtm2yYMECE/Oy7bbbbpPHHnus6nH4oP8IkLD8t1HmElYiLAS7t27dOqiMjz/+uGzcuLHiMvKYY46R8ePHyyWXXCInnHCC+f7oo48etG/3AbyH+Jpt8ABfeOEFpmMkQtHfh0lY/trGG8lAIK+99lpZeRA3Qo5We3u7tLa25j2HJeWGDRvkxhtvLPv+nDlz5Kqrrqp5eVnYMZaZCxcuzP33kUceaTwtLhG9mVI1C0LCqhm6eF6EdzRv3rycwogR/fPPP0UAHHvssXLOOefI/v37jWe0a9cu6evrk7179xY9C8/nhhtukJkzZzYESOSPgaB+//33PG9r9erVAgJj04kACUun3ZoqNTLdJ02alDfm8ccfL1999VUiOYYNG2a8sIceeij1lIhSgsC7A2khbmYb8rZAWkx+TWQ6bx4mYXljCr8FQVLmDz/8kBNy8uTJJt3h5Zdflh9//HFQ4bFsvOuuuzIhCqRNIABvvS14WIhrYanLpgsBEpYue2Um7ZQpU/J24JBe8N5775nl3tNPP22y0LFTV9iw9Js9e7ZcffXVmcmOgeElgqC+++67nByPPvqo3HHHHZnKxcGTIUDCSoZXtE8vXrzYeEju0uqbb77Jw+OTTz6R5cuXmx05BNJ9a7/99pshLXeJiJ8RkOeh7tLWgh3//PNPsyly0UUXZW5SElbmJtAhQOEhaEh94MABHcIXSIm41ksvvZT7XywRsbFw7bXXqtSnEUKD3OFVf/TRR6b7Sy+9VF555ZVGDJWoTxJWIrjifbjUEZ1ff/1V7Y7bkiVL5MEHHyzaRYS3FXtAHn+cZs2aJSAt27Cbi3hl1o2ElbUFlIxfaqdQe6kZ6ARv68MPP8zzthCgv/XWW9WSca1TCgQFogJhuc0XsoJMJKxarRvhe4UZ70gP0L7Thg8pSKswMRYxLewk1npWUtP0AAZPPPGEWRa7XtURRxxhyMsnDEhYmmZWxrJi4roBa1RYSHp4OWMVyg5fmPpgHwQhg7hCTDYtR1TQHfErYOLbZgQJy9dPkIdyFR55wXGcwuWDh2JXLVI5bwtkFdoyEUelcAAdO4Bug1cFO0NfHxsJy0ereCpTYRwLf30LUxs8FT2RWNhgwDLRzdlCByhjgw8z6m1pbUg7ueeee+Trr78uUmHixInGq/J504GEpXXmZSQ3SMr9IGtNbagGPpATPsCFxAUM8DstaRAoMY36YNjl+/LLL0uqjk0GxLB8byQs3y3kmXxYKiBAa5v2ncLB4MUyEeTk6mzfwVIRv8OH3de2YsUKU0sMh9BLtUMPPVTwjJbNExKWrzPNU7kKE0jrqTrqqYolxUIC5b333luyzI5vMS6Q7OWXX26OUpWqqmEVBNlqq4FPwtL0qfFEVje9IRbCstAjvgUv083dcj2uc88911RUzWJXsdKun5URh9YvvPBCdURl5SdheUICmsSYMGGC4Nwg2gMPPCB33323JvFTkbVcfAudn3jiieYweLNSAlBGB0eNCvOoXEWRkmILJaYCQEadkLAyAl7zsHPnzpWnnnrKqKAlWNsovBGUB3kVBuYxHkjilltuacidifCmQFIYH7u3pdrw4cPl5ptvNjuezSLPRuFMD6vRyAbcv5veEGpqQ1LzIbYHcvj555+LXkUpnrPPPltaWloEqQOoXb9v3z7zHKqyos4Y8qFQ4NC2ESNGmG///fdfOf30083zKOWzadMm2b59u+CS2XLN91yqpNi6z9PDqge9iN910xtC3ylMYmbUks8q+x9kiPgadvyyiKElwanWZ0lYtSIX+XtuekNIR3TSMCvuSETOEwobNrqNGjXKEBTsEcqyrxJmJKxGz6hA+3fLzSAzGl4WWzECa9asMceXcB4xzYZLPlAxNbabgEhYac6iyPrCssPWSccRnRj+wtdj4vfff9/EohC3QvY54lQjR44UxLg+//zzoq4R0+rt7TXP4XkcSEbDO7h/McZGworR6inp7FbuhAcR21/7lGBkNwkQIGElAIuP5iPgZr2HVrmBtvYTARKWn3ZRIRVygY466qicrCEfhFZhkAiEJGFFYORGquheYx9CBdJGYsW+60eAhFU/hlH3gExr1AFHQ7kV/BxqQ7rChg0bTJ6VPebiU/ngUHF39SJhxWDlBuroLguxa4ibdEJrqNTQ0dEhu3fvLlLtzDPPlOeff15OOumk0NT2Uh8Slpdm0SVU6MvC9vZ22bhxY0WjDAwM5MXzdFlQj7QkLD228lZSd7cwxGWhPYbU1tYmWBbiLCWWwf39/TmbMK2jOdOThNUcnIMfxX6oQ1sWumSMS1bt5Qwoq4OCfrahBPGMGTPyDjAHb/QMFCRhZQB6iEO6N+qEtFuIY0e2WJ9703Wpm7A7Ozulu7s7RPN6oxMJyxtT6BYEReTGjBljlAhlWejugJaq+4WA+7Zt2/IMt3XrVlP/iq0xCJCwGoNrlL26R3Vcb0QrGPasJOpLgZALS7asWrVKFixYYH7nNnhlwALZ/4XnKxH/8vkaLd9tRcLy3UKK5HOXSdqD0K53Val8zvz58wWxrUoNuVq4B9BNiwBpuV+oZRVqDas0pzAJK0002Zf5ECLmo73kjE3VgHeFXLNyDXWvrrnmmlQsD8zgkYHgUJmBnlgxrCSsVKYaO7EIuJ6J5pIz9magamrWY/nX09NTdO17vbMCHheIE18gMHpgIiSsemcV3y9CAPWaUL/pvPPOk/Xr16tDyF3aJt3xRIwK74O4S10FVg8YlrwQG4uVvEhY9cwgvlsSgTvvvFMefvhhQaLlnj171KGE67LmzZtn5K7HS0QwHl8gMCz1QDKHHHKI/P333+b/QG5btmypCR94dYidxUZcJKyapgtfqoQAYj74gKIaaVIPxQdk3ZyyZpTMAamBvPBlSQ7/lro6rBAfEBfSSGI5hE3C8uETEqAMNsVBY06WDbgjbgRPKMvmEhi+R57X22+/Lfv3788TC54WgvT2efeX2jdAXF1IWFnOxoDHtkda8EHCskrT0qW1tdWcE0SqQblLSrM0HTxYLFvxZWvqDyZPKFexkbAGszR/XzMC9nyhppwsN2P/+uuvN6VjfG74w2C/LHnZyyqs3LBDKHXKSFg+z0blstm7CxFf2bx5swpt0gq4q1BWoZAkLIVG0yKy663Us9vWTH1t4quvy8FmYuHjWCQsH60SkEyWAKpJwMxabZdg3VIyWcvF8f+PAAmLs6GhCNjMdw11srgcbOhUSKVzElYqMLKTcgi4OVm+B9/tJgGXg/7OZxKWv7YJRjKbk+Vz8D2kShPBTJwSipCwQrauJ7q5sSFf84EsqZarfeUJlNGLQcKKfgo0BwB4Vzg352Pmu0uoGjYHmmMxP0chYflpl+CkcpdcvqU42HwxgO6bbMFNhDoVImHVCSBfrx4Bm+Lgm5dlSyGjbAuyxtn8RYCE5a9tgpPMTXHw5XyhW3AQ2fixVD3QOrlIWFotp1RumzpQqU56M1WzXt+oUaOKLpNophwcqzoESFjV4cSnUkLAp0TSlStXmstP0XzPEUsJfvXdkLDUm1CfAr5UcRg3bpzs2rVLhg4dKnv37lVVAkef1dORmISVDo7sJQEC1ssCcSGWlUVzY1c33XSTLFu2LAsxOGZCBEhYCQHj4+kgkKWXheNCkyZNysWsmMqQjk2b0QsJqxkoc4wiBKyHk0X5Xrdmu28pFpwqlREgYXGGZIaA9bLWrl0rF1xwQVPkcLPaMSBTGZoCe2qDkLBSg5IdJUXAXgc2bdo02bRpU9LXa3reXjCBl1mVoSYIM32JhJUp/HEPjlgSloS4zqoZaQXu8SAg34wx47Zw+tqTsNLHlD0mQKCZO4b2ADbEQ1UGECabLgRIWLrsFaS0lkgamf1urx2zADZyrCCN5IlSJCxPDBGzGHap1sg7DG2A33pXCL5ruisx5vnh6k7C4kzwAoFG1styk0ShLFMZvDB5TUKQsGqCjS+ljYAbEE+zKmlhkijkZqJo2tZrXn8krOZhzZEGQcCWKcbyDaSVxpLNTRKld6V/CpKw9NswGA3cG3ZAXkg7qKcVJonSu6oHTT/eJWH5YQdK8T8E3N28evOkrMdmwWW9dv3TjISl34bBaWCz0bEkxNEZJJcmbYVJorwNJymCfj5PwvLTLlFL5WbA13pjtJskCjB59XwYU4qEFYYdg9PC9ZA6Ozulu7u7ah0L0xh4ZrBq6Lx/kITlvYniFXDWrFkC8mlpaZFffvmlaiBaW1ulv78/9/zq1asFy0w2/QiQsPTbMFgNBgYGTEWF77//Xqr1snbu3GmK89k2efJk2b59e7AYxaYYCSs2iyvTd9WqVXLFFVcYqZFThTOAldr8+fNNvMq2np4eueyyy5RpTXHLIUDC4tzwHgHUy0JMC62SpwViA8HZhqXhZ599ZpaUbGEgQMIKw45Ba/Hpp58aL6uvr68saS1cuNB4YG6bPXu2PPfcc0FjE5tyJKzYLK5UX3hYc+fOzZHW4YcfLlj+TZkyRXp7e2Xp0qV5mp188sny5JNP8iZnpfbmkjAww8Wqzvjx43OkVQ4D5GAh4ZQtPAToYYVn06A12rdvn5xyyikVr5VHzhZiXWzhIUDCCs+mUWj0xhtvyLvvvpuLW82ZM0f++OMP6erqikL/WJUkYcVqeepNBBQiQMJSaDSKTARiRYCEFavlqTcRUIgACUuh0SgyEYgVARJWrJan3kRAIQIkLIVGo8hEIFYESFixWp56EwGFCJCwFBqNIhOBWBEgYcVqeepNBBQiQMJSaDSKTARiRYCEFavlqTcRUIgACUuh0SgyEYgVARJWrJan3kRAIQIkLIVGo8hEIFYESFixWp56EwGFCJCwFBqNIhOBWBEgYcVqeepNBBQiQMJSaDSKTARiRYCEFavlqTcRUIgACUuh0SgyEYgVgf8AIAihty6EmpkAAAAASUVORK5CYII=
\.


--
-- TOC entry 2940 (class 0 OID 17272)
-- Dependencies: 210
-- Data for Name: subcategory; Type: TABLE DATA; Schema: public; Owner: postgres
--

COPY public.subcategory (subcat_id, subcat_name) FROM stdin;
1	Non Combo Meal
2	Mirienda
3	Lunch and Dinner
10	Drinks
\.


--
-- TOC entry 2926 (class 0 OID 16877)
-- Dependencies: 196
-- Data for Name: tbl_employee; Type: TABLE DATA; Schema: public; Owner: postgres
--

COPY public.tbl_employee (first_name, last_name, email, emp_staff_no, password, trn_date, user_id) FROM stdin;
MUHAMAD SYAMIRUL AMRI 	MAT ISA	syamirulamr07@gmail.com	970303104	e99a18c428cb38d5f260853678922e03	2019-09-06	4
amin	amri	mirul@gmail.com	970303103	e99a18c428cb38d5f260853678922e03	2019-09-06	5
Syamirul	Amri	22@mail.com	970303105	e99a18c428cb38d5f260853678922e03	2019-09-12	6
FATTAH	AMIN	ft@gmail.com	1009002	e99a18c428cb38d5f260853678922e03	2019-09-17	7
\.


--
-- TOC entry 2941 (class 0 OID 17275)
-- Dependencies: 211
-- Data for Name: team; Type: TABLE DATA; Schema: public; Owner: postgres
--

COPY public.team (team_id, team_name) FROM stdin;
1	HOD
2	MANAGER
3	NETSUPPORT
\.


--
-- TOC entry 2942 (class 0 OID 17278)
-- Dependencies: 212
-- Data for Name: team_member; Type: TABLE DATA; Schema: public; Owner: postgres
--

COPY public.team_member (team_member_id, team_id, member_id) FROM stdin;
3	3	1
5	2	3
11	1	2
\.


--
-- TOC entry 2943 (class 0 OID 17281)
-- Dependencies: 213
-- Data for Name: users; Type: TABLE DATA; Schema: public; Owner: postgres
--

COPY public.users (user_id, full_name, username, password, status) FROM stdin;
1	Lee Pipez	admin	123	active
2	pavee	pavee	321	active
\.


--
-- TOC entry 2956 (class 0 OID 0)
-- Dependencies: 219
-- Name: member_member_id_seq; Type: SEQUENCE SET; Schema: public; Owner: postgres
--

SELECT pg_catalog.setval('public.member_member_id_seq', 10, true);


--
-- TOC entry 2957 (class 0 OID 0)
-- Dependencies: 215
-- Name: payment_payment_id_seq; Type: SEQUENCE SET; Schema: public; Owner: postgres
--

SELECT pg_catalog.setval('public.payment_payment_id_seq', 32, true);


--
-- TOC entry 2958 (class 0 OID 0)
-- Dependencies: 214
-- Name: reservation_rid_seq; Type: SEQUENCE SET; Schema: public; Owner: postgres
--

SELECT pg_catalog.setval('public.reservation_rid_seq', 84, true);


--
-- TOC entry 2959 (class 0 OID 0)
-- Dependencies: 216
-- Name: tbl_employee_user_id_seq; Type: SEQUENCE SET; Schema: public; Owner: postgres
--

SELECT pg_catalog.setval('public.tbl_employee_user_id_seq', 7, true);


--
-- TOC entry 2960 (class 0 OID 0)
-- Dependencies: 218
-- Name: team_member_team_member_id_seq; Type: SEQUENCE SET; Schema: public; Owner: postgres
--

SELECT pg_catalog.setval('public.team_member_team_member_id_seq', 11, true);


--
-- TOC entry 2772 (class 2606 OID 17319)
-- Name: announcement announcement_pkey; Type: CONSTRAINT; Schema: public; Owner: postgres
--

ALTER TABLE ONLY public.announcement
    ADD CONSTRAINT announcement_pkey PRIMARY KEY (announcement_id);


--
-- TOC entry 2774 (class 2606 OID 17321)
-- Name: category category_pkey; Type: CONSTRAINT; Schema: public; Owner: postgres
--

ALTER TABLE ONLY public.category
    ADD CONSTRAINT category_pkey PRIMARY KEY (cat_id);


--
-- TOC entry 2778 (class 2606 OID 17325)
-- Name: combo_details combo_details_pkey; Type: CONSTRAINT; Schema: public; Owner: postgres
--

ALTER TABLE ONLY public.combo_details
    ADD CONSTRAINT combo_details_pkey PRIMARY KEY (combo_details_id);


--
-- TOC entry 2776 (class 2606 OID 17323)
-- Name: combo combo_pkey; Type: CONSTRAINT; Schema: public; Owner: postgres
--

ALTER TABLE ONLY public.combo
    ADD CONSTRAINT combo_pkey PRIMARY KEY (combo_id);


--
-- TOC entry 2780 (class 2606 OID 17327)
-- Name: event event_pkey; Type: CONSTRAINT; Schema: public; Owner: postgres
--

ALTER TABLE ONLY public.event
    ADD CONSTRAINT event_pkey PRIMARY KEY (event_id);


--
-- TOC entry 2782 (class 2606 OID 17329)
-- Name: member member_pkey; Type: CONSTRAINT; Schema: public; Owner: postgres
--

ALTER TABLE ONLY public.member
    ADD CONSTRAINT member_pkey PRIMARY KEY (member_id);


--
-- TOC entry 2784 (class 2606 OID 17331)
-- Name: menu menu_pkey; Type: CONSTRAINT; Schema: public; Owner: postgres
--

ALTER TABLE ONLY public.menu
    ADD CONSTRAINT menu_pkey PRIMARY KEY (menu_id);


--
-- TOC entry 2786 (class 2606 OID 17333)
-- Name: message message_pkey; Type: CONSTRAINT; Schema: public; Owner: postgres
--

ALTER TABLE ONLY public.message
    ADD CONSTRAINT message_pkey PRIMARY KEY (message_id);


--
-- TOC entry 2788 (class 2606 OID 17335)
-- Name: payment payment_pkey; Type: CONSTRAINT; Schema: public; Owner: postgres
--

ALTER TABLE ONLY public.payment
    ADD CONSTRAINT payment_pkey PRIMARY KEY (payment_id);


--
-- TOC entry 2792 (class 2606 OID 17339)
-- Name: r_combo r_combo_pkey; Type: CONSTRAINT; Schema: public; Owner: postgres
--

ALTER TABLE ONLY public.r_combo
    ADD CONSTRAINT r_combo_pkey PRIMARY KEY (r_combo_id);


--
-- TOC entry 2794 (class 2606 OID 17341)
-- Name: r_details r_details_pkey; Type: CONSTRAINT; Schema: public; Owner: postgres
--

ALTER TABLE ONLY public.r_details
    ADD CONSTRAINT r_details_pkey PRIMARY KEY (r_details_id);


--
-- TOC entry 2796 (class 2606 OID 17343)
-- Name: r_noncombo r_noncombo_pkey; Type: CONSTRAINT; Schema: public; Owner: postgres
--

ALTER TABLE ONLY public.r_noncombo
    ADD CONSTRAINT r_noncombo_pkey PRIMARY KEY (r_non_id);


--
-- TOC entry 2790 (class 2606 OID 17337)
-- Name: reservation reservation_pkey; Type: CONSTRAINT; Schema: public; Owner: postgres
--

ALTER TABLE ONLY public.reservation
    ADD CONSTRAINT reservation_pkey PRIMARY KEY (rid);


--
-- TOC entry 2798 (class 2606 OID 17345)
-- Name: subcategory subcategory_pkey; Type: CONSTRAINT; Schema: public; Owner: postgres
--

ALTER TABLE ONLY public.subcategory
    ADD CONSTRAINT subcategory_pkey PRIMARY KEY (subcat_id);


--
-- TOC entry 2802 (class 2606 OID 17349)
-- Name: team_member team_member_pkey; Type: CONSTRAINT; Schema: public; Owner: postgres
--

ALTER TABLE ONLY public.team_member
    ADD CONSTRAINT team_member_pkey PRIMARY KEY (team_member_id);


--
-- TOC entry 2800 (class 2606 OID 17347)
-- Name: team team_pkey; Type: CONSTRAINT; Schema: public; Owner: postgres
--

ALTER TABLE ONLY public.team
    ADD CONSTRAINT team_pkey PRIMARY KEY (team_id);


--
-- TOC entry 2804 (class 2606 OID 17351)
-- Name: users users_pkey; Type: CONSTRAINT; Schema: public; Owner: postgres
--

ALTER TABLE ONLY public.users
    ADD CONSTRAINT users_pkey PRIMARY KEY (user_id);


-- Completed on 2019-09-19 09:12:38

--
-- PostgreSQL database dump complete
--

